PSP Reference,Merchant Reference,Account,Creation Date,TimeZone,Value,Currency,Payment Method,Status,Fraud Scoring
4715404804312828,invoice-936-1321,BoxifyCom,2018-10-25 17:13:51,CEST,8.06,EUR,sepadirectdebit,SentForSettle,0
1725404790069709,invoice-906-1320,BoxifyCom,2018-10-25 16:50:06,CEST,55.00,EUR,visa,SettledBulk,20
1815404587324326,invoice-935-1319,BoxifyCom,2018-10-25 11:12:12,CEST,6.92,EUR,sepadirectdebit,SentForSettle,0
1525403051821388,invoice-844-1318,BoxifyCom,2018-10-23 16:33:02,CEST,62.00,EUR,mc,SettledBulk,0
1745403048760347,invoice-839-1317,BoxifyCom,2018-10-23 16:27:56,CEST,50.00,EUR,visa,SettledBulk,0
4715403031492197,invoice-837-1316,BoxifyCom,2018-10-23 15:59:09,CEST,62.00,EUR,sepadirectdebit,SentForSettle,10
4715403006059658,invoice-926-1315,BoxifyCom,2018-10-23 15:16:45,CEST,121.00,EUR,sepadirectdebit,SentForSettle,50
1535403004544515,invoice-842-1314,BoxifyCom,2018-10-23 15:14:14,CEST,160.00,EUR,mc,Refused,0
1715402955614808,invoice-931-1313,BoxifyCom,2018-10-23 13:52:41,CEST,35.00,EUR,sepadirectdebit,SentForSettle,25
4845402955231741,invoice-933-1312,BoxifyCom,2018-10-23 13:52:03,CEST,156.29,EUR,mc,SettledBulk,0
4815402816319442,invoice-846-1152,BoxifyCom,2018-10-23 10:00:31,CEST,96.00,EUR,sepadirectdebit,SentForSettle,50
4515402816301492,invoice-765-1139,BoxifyCom,2018-10-23 10:00:30,CEST,35.00,EUR,sepadirectdebit,SentForSettle,50
4315402816057328,invoice-851-912,BoxifyCom,2018-10-23 10:00:05,CEST,72.50,EUR,sepadirectdebit,SentForSettle,50
4515402816046816,invoice-840-907,BoxifyCom,2018-10-23 10:00:04,CEST,145.60,EUR,sepadirectdebit,SentForSettle,50
4815402816040840,invoice-845-693,BoxifyCom,2018-10-23 10:00:04,CEST,120.00,EUR,sepadirectdebit,SentForSettle,50
4315401088215986,invoice-926-1299,BoxifyCom,2018-10-21 10:00:21,CEST,48.44,EUR,sepadirectdebit,Settled,50
4315401088201341,invoice-845-1151,BoxifyCom,2018-10-21 10:00:20,CEST,184.80,EUR,sepadirectdebit,Chargeback,50
4815401088111933,invoice-201-1101,BoxifyCom,2018-10-21 10:00:11,CEST,87.50,EUR,sepadirectdebit,Settled,50
4315400224203476,invoice-925-1298,BoxifyCom,2018-10-20 10:00:20,CEST,108.84,EUR,sepadirectdebit,Settled,50
4515399698756605,invoice-931-1311,BoxifyCom,2018-10-19 19:24:35,CEST,14.52,EUR,sepadirectdebit,Settled,25
4315399465693496,invoice-904-1310,BoxifyCom,2018-10-19 12:56:09,CEST,58.09,EUR,sepadirectdebit,Settled,10
1515399465142100,invoice-910-1309,BoxifyCom,2018-10-19 12:55:14,CEST,50.00,EUR,sepadirectdebit,Chargeback,0
1715399463472291,invoice-885-1308,BoxifyCom,2018-10-19 12:52:27,CEST,109.73,EUR,sepadirectdebit,Settled,0
1835399367422694,card-896-1539936436,BoxifyCom,2018-10-19 10:12:22,CEST,0.00,EUR,mc,Authorised,25
1335399363454522,card-896-1539936039,BoxifyCom,2018-10-19 10:05:45,CEST,0.00,EUR,mc,Refused,25
4815399360596856,invoice-846-1014,BoxifyCom,2018-10-19 10:00:59,CEST,29.90,EUR,sepadirectdebit,Chargeback,50
4615399360599209,invoice-845-1013,BoxifyCom,2018-10-19 10:00:59,CEST,184.80,EUR,sepadirectdebit,Chargeback,50
4515399360581075,invoice-841-1010,BoxifyCom,2018-10-19 10:00:58,CEST,202.80,EUR,sepadirectdebit,Chargeback,50
4735398904622464,card-857-1539890157,BoxifyCom,2018-10-18 21:21:02,CEST,0.00,EUR,visa,Authorised,0
4315398716061974,invoice-930-1307,BoxifyCom,2018-10-18 16:06:46,CEST,20.76,EUR,sepadirectdebit,Settled,0
4515398697081759,invoice-922-1306,BoxifyCom,2018-10-18 15:35:08,CEST,40.00,EUR,sepadirectdebit,Settled,0
1335398621980732,invoice-606-1305,BoxifyCom,2018-10-18 13:29:58,CEST,40.00,EUR,visa,SettledBulk,30
1515397646000379,invoice-876-1304,BoxifyCom,2018-10-17 10:23:20,CEST,40.00,EUR,sepadirectdebit,Settled,10
1335397632028226,invoice-843-1063,BoxifyCom,2018-10-17 10:00:02,CEST,20.00,EUR,visa,SettledBulk,35
1845397586219659,card-142-1539758319,BoxifyCom,2018-10-17 08:43:41,CEST,0.00,EUR,mc,Authorised,30
1815396972737635,invoice-929-1303,BoxifyCom,2018-10-16 15:41:13,CEST,119.72,EUR,sepadirectdebit,Settled,0
4715396768666118,invoice-846-1152,BoxifyCom,2018-10-16 10:01:06,CEST,96.00,EUR,sepadirectdebit,Chargeback,50
4615396768669782,invoice-765-1139,BoxifyCom,2018-10-16 10:01:06,CEST,35.00,EUR,sepadirectdebit,Chargeback,50
4615396768659551,invoice-851-912,BoxifyCom,2018-10-16 10:01:05,CEST,72.50,EUR,sepadirectdebit,Chargeback,50
4515396768636873,invoice-840-907,BoxifyCom,2018-10-16 10:01:03,CEST,145.60,EUR,sepadirectdebit,Chargeback,50
4715396768601313,invoice-845-693,BoxifyCom,2018-10-16 10:01:00,CEST,120.00,EUR,sepadirectdebit,Chargeback,50
1715395904154001,invoice-883-1267,BoxifyCom,2018-10-15 10:00:15,CEST,213.75,EUR,sepadirectdebit,Chargeback,50
1515395904159903,invoice-851-1248,BoxifyCom,2018-10-15 10:00:15,CEST,72.50,EUR,sepadirectdebit,Chargeback,50
1815395904145859,invoice-846-1244,BoxifyCom,2018-10-15 10:00:14,CEST,96.00,EUR,sepadirectdebit,Chargeback,50
1315395904140285,invoice-845-1243,BoxifyCom,2018-10-15 10:00:14,CEST,184.80,EUR,sepadirectdebit,Chargeback,50
1715395904133039,invoice-835-1239,BoxifyCom,2018-10-15 10:00:13,CEST,81.00,EUR,sepadirectdebit,Chargeback,50
1415395904133750,invoice-765-1232,BoxifyCom,2018-10-15 10:00:13,CEST,35.00,EUR,sepadirectdebit,Chargeback,50
1615395904129814,invoice-730-1093,BoxifyCom,2018-10-15 10:00:12,CEST,101.00,EUR,sepadirectdebit,Chargeback,50
1615395353289853,invoice-928-1302,BoxifyCom,2018-10-14 18:42:08,CEST,59.68,EUR,sepadirectdebit,Settled,10
4815395040163976,invoice-845-1151,BoxifyCom,2018-10-14 10:00:16,CEST,184.80,EUR,sepadirectdebit,Chargeback,50
1715394646148108,invoice-927-1301,BoxifyCom,2018-10-13 23:03:34,CEST,67.05,EUR,sepadirectdebit,Settled,50
4845393515444249,invoice-499-1300,BoxifyCom,2018-10-12 15:39:04,CEST,20.00,EUR,visa,SettledBulk,0
1415393274021341,invoice-926-1299,BoxifyCom,2018-10-12 08:56:42,CEST,48.44,EUR,sepadirectdebit,Chargeback,0
4515392713667907,invoice-925-1298,BoxifyCom,2018-10-11 17:22:46,CEST,108.84,EUR,sepadirectdebit,Chargeback,0
4815392702335497,invoice-925-1297,BoxifyCom,2018-10-11 17:03:53,CEST,101.10,EUR,sepadirectdebit,Settled,0
4715392597947415,invoice-733-1296,BoxifyCom,2018-10-11 14:09:54,CEST,20.00,EUR,sepadirectdebit,Settled,10
4545392492559725,invoice-913-1295,BoxifyCom,2018-10-11 11:14:15,CEST,7.90,EUR,visa,SettledBulk,0
1815391751938314,invoice-894-1294,BoxifyCom,2018-10-10 14:39:53,CEST,107.25,EUR,sepadirectdebit,Settled,25
4615391584698446,invoice-850-1154,BoxifyCom,2018-10-10 10:01:09,CEST,276.68,EUR,sepadirectdebit,Settled,50
4815391584679105,invoice-201-1101,BoxifyCom,2018-10-10 10:01:07,CEST,87.50,EUR,sepadirectdebit,Chargeback,50
4715391584677548,invoice-846-1014,BoxifyCom,2018-10-10 10:01:07,CEST,29.90,EUR,sepadirectdebit,Chargeback,50
4315391584661967,invoice-845-1013,BoxifyCom,2018-10-10 10:01:06,CEST,184.80,EUR,sepadirectdebit,Chargeback,50
4815391584653381,invoice-841-1010,BoxifyCom,2018-10-10 10:01:05,CEST,202.80,EUR,sepadirectdebit,Chargeback,50
4415390720188587,invoice-846-1152,BoxifyCom,2018-10-09 10:00:18,CEST,96.00,EUR,sepadirectdebit,Chargeback,50
4715390720179278,invoice-765-1139,BoxifyCom,2018-10-09 10:00:17,CEST,35.00,EUR,sepadirectdebit,Chargeback,50
4515390720170022,invoice-851-912,BoxifyCom,2018-10-09 10:00:17,CEST,72.50,EUR,sepadirectdebit,Chargeback,50
4515390720154083,invoice-840-907,BoxifyCom,2018-10-09 10:00:15,CEST,145.60,EUR,sepadirectdebit,Chargeback,50
4615390720013999,invoice-845-693,BoxifyCom,2018-10-09 10:00:01,CEST,120.00,EUR,sepadirectdebit,Chargeback,50
1645389951489316,invoice-924-1293,BoxifyCom,2018-10-08 12:39:08,CEST,292.84,EUR,mc,SettledBulk,0
1515389856100916,invoice-883-1267,BoxifyCom,2018-10-08 10:00:10,CEST,213.75,EUR,sepadirectdebit,Chargeback,50
1815389856108742,invoice-880-1264,BoxifyCom,2018-10-08 10:00:10,CEST,81.00,EUR,sepadirectdebit,Settled,50
1415389856091157,invoice-851-1248,BoxifyCom,2018-10-08 10:00:09,CEST,72.50,EUR,sepadirectdebit,Chargeback,50
1415389856091066,invoice-846-1244,BoxifyCom,2018-10-08 10:00:09,CEST,96.00,EUR,sepadirectdebit,Chargeback,50
1815389856067823,invoice-845-1243,BoxifyCom,2018-10-08 10:00:06,CEST,184.80,EUR,sepadirectdebit,Chargeback,50
1715389856051380,invoice-835-1239,BoxifyCom,2018-10-08 10:00:05,CEST,81.00,EUR,sepadirectdebit,Chargeback,50
1615389856057909,invoice-765-1232,BoxifyCom,2018-10-08 10:00:05,CEST,35.00,EUR,sepadirectdebit,Chargeback,50
1815389856042800,invoice-730-1093,BoxifyCom,2018-10-08 10:00:04,CEST,101.00,EUR,sepadirectdebit,Chargeback,50
1415389856049700,invoice-882-1038,BoxifyCom,2018-10-08 10:00:04,CEST,72.50,EUR,sepadirectdebit,Settled,50
4715389833822782,invoice-923-1292,BoxifyCom,2018-10-08 09:23:02,CEST,31.53,EUR,sepadirectdebit,Settled,0
1815388311617297,invoice-922-1291,BoxifyCom,2018-10-06 15:06:01,CEST,27.10,EUR,sepadirectdebit,Settled,0
4815388276526750,invoice-592-1290,BoxifyCom,2018-10-06 14:07:32,CEST,40.00,EUR,sepadirectdebit,Settled,50
1615387264058543,invoice-845-1151,BoxifyCom,2018-10-05 10:00:05,CEST,184.80,EUR,sepadirectdebit,Chargeback,50
1415386462516445,sepa-384-1538645977,BoxifyCom,2018-10-04 11:44:11,CEST,0.00,EUR,sepadirectdebit,Authorised,0
1715386462288919,sepa-384-1538645954,BoxifyCom,2018-10-04 11:43:48,CEST,0.00,EUR,sepadirectdebit,Authorised,0
1815386462043271,sepa-384-1538645930,BoxifyCom,2018-10-04 11:43:24,CEST,0.00,EUR,sepadirectdebit,Authorised,0
4825386400781091,invoice-256-1198,BoxifyCom,2018-10-04 10:01:18,CEST,41.06,EUR,visa,SettledBulk,0
4535386400665634,invoice-256-1104,BoxifyCom,2018-10-04 10:01:06,CEST,61.06,EUR,visa,SettledBulk,0
1525385717584262,invoice-913-1289,BoxifyCom,2018-10-03 15:02:38,CEST,10.66,EUR,mc,Refused,10
1815385509556220,invoice-875-1288,BoxifyCom,2018-10-03 09:15:55,CEST,20.00,EUR,sepadirectdebit,Settled,0
4515384836725852,sepa-389-1538483402,BoxifyCom,2018-10-02 14:34:32,CEST,0.00,EUR,sepadirectdebit,Authorised,2
4645384836013864,card-389-1538483331,BoxifyCom,2018-10-02 14:33:21,CEST,0.00,EUR,visa,Authorised,0
4345384835414157,card-389-1538483271,BoxifyCom,2018-10-02 14:32:21,CEST,0.00,EUR,visa,Authorised,0
1445384834685273,card-389-1538483197,BoxifyCom,2018-10-02 14:31:08,CEST,0.00,EUR,visa,Authorised,0
4515384672088621,invoice-920-1183,BoxifyCom,2018-10-02 10:00:08,CEST,122.50,EUR,sepadirectdebit,Settled,0
4815384672074149,invoice-881-1167,BoxifyCom,2018-10-02 10:00:07,CEST,50.00,EUR,sepadirectdebit,Settled,50
4715384672076541,invoice-851-1155,BoxifyCom,2018-10-02 10:00:07,CEST,48.42,EUR,sepadirectdebit,Settled,50
4815384672079064,invoice-846-1152,BoxifyCom,2018-10-02 10:00:07,CEST,96.00,EUR,sepadirectdebit,Chargeback,50
4715384672063366,invoice-765-1139,BoxifyCom,2018-10-02 10:00:06,CEST,35.00,EUR,sepadirectdebit,Chargeback,50
4815384672063332,invoice-851-912,BoxifyCom,2018-10-02 10:00:06,CEST,72.50,EUR,sepadirectdebit,Chargeback,50
4415384672055951,invoice-840-907,BoxifyCom,2018-10-02 10:00:05,CEST,145.60,EUR,sepadirectdebit,Chargeback,50
4345384672045536,invoice-256-849,BoxifyCom,2018-10-02 10:00:04,CEST,91.06,EUR,visa,SettledBulk,0
4515384672013975,invoice-845-693,BoxifyCom,2018-10-02 10:00:01,CEST,120.00,EUR,sepadirectdebit,Chargeback,50
4325384660517128,card-256-1538465782,BoxifyCom,2018-10-02 09:40:51,CEST,0.00,EUR,visa,Authorised,0
1815383988528760,invoice-921-1287,BoxifyCom,2018-10-01 15:00:52,CEST,96.77,EUR,sepadirectdebit,Settled,10
1325383900908325,card-859-1538389822,BoxifyCom,2018-10-01 12:34:50,CEST,0.00,EUR,visa,Authorised,0
1825383896221738,card-859-1538389354,BoxifyCom,2018-10-01 12:27:02,CEST,0.00,EUR,visa,Authorised,0
1715383816924059,invoice-920-1286,BoxifyCom,2018-10-01 10:14:52,CEST,72.50,EUR,sepadirectdebit,Settled,0
1815383816923563,invoice-918-1285,BoxifyCom,2018-10-01 10:14:52,CEST,87.55,EUR,sepadirectdebit,Settled,10
1715383816917343,invoice-916-1284,BoxifyCom,2018-10-01 10:14:51,CEST,192.00,EUR,sepadirectdebit,Settled,0
1715383816917293,invoice-915-1283,BoxifyCom,2018-10-01 10:14:51,CEST,87.50,EUR,sepadirectdebit,Settled,25
1415383816904070,invoice-910-1282,BoxifyCom,2018-10-01 10:14:50,CEST,50.00,EUR,sepadirectdebit,Settled,0
1415383816904039,invoice-909-1281,BoxifyCom,2018-10-01 10:14:50,CEST,83.13,EUR,sepadirectdebit,Settled,0
1735383816907043,invoice-908-1280,BoxifyCom,2018-10-01 10:14:50,CEST,63.24,EUR,visa,SettledBulk,0
1815383816896199,invoice-907-1279,BoxifyCom,2018-10-01 10:14:49,CEST,172.26,EUR,sepadirectdebit,Settled,50
1435383816893659,invoice-906-1278,BoxifyCom,2018-10-01 10:14:49,CEST,92.20,EUR,visa,SettledBulk,20
1515383816889882,invoice-904-1277,BoxifyCom,2018-10-01 10:14:48,CEST,99.00,EUR,sepadirectdebit,Settled,10
1815383816872422,invoice-900-1276,BoxifyCom,2018-10-01 10:14:47,CEST,26.50,EUR,sepadirectdebit,Settled,0
1835383816865331,invoice-896-1275,BoxifyCom,2018-10-01 10:14:46,CEST,8.67,EUR,mc,Refused,25
1415383816852907,invoice-894-1274,BoxifyCom,2018-10-01 10:14:45,CEST,101.89,EUR,sepadirectdebit,Settled,25
1645383816857940,invoice-893-1273,BoxifyCom,2018-10-01 10:14:45,CEST,35.45,EUR,visa,SettledBulk,0
1815383816839876,invoice-892-1272,BoxifyCom,2018-10-01 10:14:43,CEST,81.60,EUR,sepadirectdebit,Settled,0
1515383816838707,invoice-890-1271,BoxifyCom,2018-10-01 10:14:43,CEST,26.50,EUR,sepadirectdebit,Settled,0
1745383816825425,invoice-888-1270,BoxifyCom,2018-10-01 10:14:42,CEST,20.40,EUR,visa,SettledBulk,20
1315383816822299,invoice-885-1269,BoxifyCom,2018-10-01 10:14:42,CEST,163.20,EUR,sepadirectdebit,Settled,0
1715383816825256,invoice-884-1268,BoxifyCom,2018-10-01 10:14:42,CEST,62.00,EUR,sepadirectdebit,Settled,10
1515383816828336,invoice-883-1267,BoxifyCom,2018-10-01 10:14:42,CEST,213.75,EUR,sepadirectdebit,Chargeback,0
1815383816810976,invoice-882-1266,BoxifyCom,2018-10-01 10:14:41,CEST,72.50,EUR,sepadirectdebit,Settled,50
1615383816817031,invoice-881-1265,BoxifyCom,2018-10-01 10:14:41,CEST,50.00,EUR,sepadirectdebit,Settled,50
1415383816811796,invoice-880-1264,BoxifyCom,2018-10-01 10:14:41,CEST,81.00,EUR,sepadirectdebit,Chargeback,0
1615383816813428,invoice-878-1263,BoxifyCom,2018-10-01 10:14:41,CEST,1.69,EUR,sepadirectdebit,Settled,25
1515383816818063,invoice-876-1262,BoxifyCom,2018-10-01 10:14:41,CEST,91.70,EUR,sepadirectdebit,Settled,10
1715383816800960,invoice-875-1261,BoxifyCom,2018-10-01 10:14:40,CEST,50.00,EUR,sepadirectdebit,Settled,0
1815383816800563,invoice-873-1260,BoxifyCom,2018-10-01 10:14:40,CEST,6.75,EUR,sepadirectdebit,Settled,0
1715383816790849,invoice-871-1259,BoxifyCom,2018-10-01 10:14:39,CEST,130.20,EUR,sepadirectdebit,Settled,50
1615383816782748,invoice-870-1258,BoxifyCom,2018-10-01 10:14:38,CEST,103.46,EUR,sepadirectdebit,Refused,100
1435383816781003,invoice-868-1257,BoxifyCom,2018-10-01 10:14:38,CEST,22.95,EUR,visa,SettledBulk,35
1515383816777228,invoice-866-1256,BoxifyCom,2018-10-01 10:14:37,CEST,18.51,EUR,unknowncard,Refused,0
1625383816772390,invoice-861-1255,BoxifyCom,2018-10-01 10:14:37,CEST,25.50,EUR,visa,SettledBulk,10
1725383816760071,invoice-860-1254,BoxifyCom,2018-10-01 10:14:36,CEST,118.41,EUR,visa,SettledBulk,0
1625383816745503,invoice-859-1253,BoxifyCom,2018-10-01 10:14:34,CEST,6.38,EUR,visa,Refused,100
1845383816747578,invoice-858-1252,BoxifyCom,2018-10-01 10:14:34,CEST,124.64,EUR,mc,SettledBulk,10
1745383816724115,invoice-857-1251,BoxifyCom,2018-10-01 10:14:32,CEST,42.77,EUR,mc,Refused,20
1635383816719738,invoice-855-1250,BoxifyCom,2018-10-01 10:14:31,CEST,35.70,EUR,mc,SettledBulk,0
1715383816713858,invoice-852-1249,BoxifyCom,2018-10-01 10:14:31,CEST,81.00,EUR,sepadirectdebit,Settled,10
1715383816713817,invoice-851-1248,BoxifyCom,2018-10-01 10:14:31,CEST,72.50,EUR,sepadirectdebit,Chargeback,50
1415383816709255,invoice-850-1247,BoxifyCom,2018-10-01 10:14:30,CEST,276.68,EUR,sepadirectdebit,Settled,0
1615383816700922,invoice-849-1246,BoxifyCom,2018-10-01 10:14:30,CEST,123.69,EUR,sepadirectdebit,Settled,0
1515383816700154,invoice-848-1245,BoxifyCom,2018-10-01 10:14:30,CEST,91.16,EUR,sepadirectdebit,Settled,0
1815383816706737,invoice-846-1244,BoxifyCom,2018-10-01 10:14:30,CEST,96.00,EUR,sepadirectdebit,Chargeback,50
1715383816697374,invoice-845-1243,BoxifyCom,2018-10-01 10:14:29,CEST,184.80,EUR,sepadirectdebit,Chargeback,50
1645383816680425,invoice-842-1242,BoxifyCom,2018-10-01 10:14:28,CEST,51.00,EUR,mc,SettledBulk,0
1415383816678559,invoice-840-1241,BoxifyCom,2018-10-01 10:14:27,CEST,145.60,EUR,sepadirectdebit,Settled,50
1715383816672898,invoice-838-1240,BoxifyCom,2018-10-01 10:14:27,CEST,114.00,EUR,sepadirectdebit,Settled,10
1815383816665909,invoice-835-1239,BoxifyCom,2018-10-01 10:14:26,CEST,81.00,EUR,sepadirectdebit,Chargeback,0
1815383816662294,invoice-834-1238,BoxifyCom,2018-10-01 10:14:26,CEST,17.00,EUR,sepadirectdebit,Settled,0
1345383816658226,invoice-832-1237,BoxifyCom,2018-10-01 10:14:25,CEST,51.00,EUR,mc,SettledBulk,0
1735383816621891,invoice-780-1235,BoxifyCom,2018-10-01 10:14:22,CEST,40.80,EUR,mc,SettledBulk,0
1835383816621239,invoice-777-1234,BoxifyCom,2018-10-01 10:14:22,CEST,116.28,EUR,visa,SettledBulk,0
1715383816609833,invoice-765-1232,BoxifyCom,2018-10-01 10:14:20,CEST,35.00,EUR,sepadirectdebit,Chargeback,50
1825383816574927,invoice-738-1230,BoxifyCom,2018-10-01 10:14:17,CEST,171.36,EUR,mc,SettledBulk,30
1535383816567237,invoice-737-1229,BoxifyCom,2018-10-01 10:14:17,CEST,38.25,EUR,mc,SettledBulk,0
1725383816550076,invoice-735-1228,BoxifyCom,2018-10-01 10:14:15,CEST,73.95,EUR,mc,Refused,0
1715383816550011,invoice-733-1227,BoxifyCom,2018-10-01 10:14:15,CEST,553.95,EUR,sepadirectdebit,Settled,10
1725383816548641,invoice-726-1226,BoxifyCom,2018-10-01 10:14:14,CEST,51.00,EUR,mc,SettledBulk,10
1745383816548589,invoice-720-1225,BoxifyCom,2018-10-01 10:14:14,CEST,45.90,EUR,visa,SettledBulk,0
1825383816452090,invoice-654-1221,BoxifyCom,2018-10-01 10:14:05,CEST,12.24,EUR,visa,SettledBulk,0
1545383816449335,invoice-646-1220,BoxifyCom,2018-10-01 10:14:04,CEST,184.01,EUR,mc,Refused,10
1515383816439142,invoice-645-1219,BoxifyCom,2018-10-01 10:14:03,CEST,45.00,EUR,sepadirectdebit,Settled,0
1725383816421849,invoice-644-1218,BoxifyCom,2018-10-01 10:14:02,CEST,51.00,EUR,mc,SettledBulk,0
1735383816405352,invoice-606-1216,BoxifyCom,2018-10-01 10:14:00,CEST,132.80,EUR,visa,SettledBulk,30
1845383816399073,invoice-604-1215,BoxifyCom,2018-10-01 10:13:59,CEST,171.36,EUR,mc,SettledBulk,20
1515383816388158,invoice-592-1214,BoxifyCom,2018-10-01 10:13:58,CEST,50.00,EUR,sepadirectdebit,Settled,50
1625383816383107,invoice-588-1213,BoxifyCom,2018-10-01 10:13:58,CEST,212.06,EUR,mc,SettledBulk,20
1735383816354923,invoice-551-1211,BoxifyCom,2018-10-01 10:13:55,CEST,68.28,EUR,visa,SettledBulk,0
1745383816334568,invoice-550-1210,BoxifyCom,2018-10-01 10:13:53,CEST,51.00,EUR,visa,Refused,35
1435383816329878,invoice-545-1209,BoxifyCom,2018-10-01 10:13:52,CEST,73.95,EUR,visa,SettledBulk,0
1835383816293203,invoice-499-1207,BoxifyCom,2018-10-01 10:13:49,CEST,35.70,EUR,visa,SettledBulk,0
1515383816275470,invoice-396-1205,BoxifyCom,2018-10-01 10:13:47,CEST,50.00,EUR,sepadirectdebit,Settled,50
1615383816095026,invoice-201-1195,BoxifyCom,2018-10-01 10:13:29,CEST,87.50,EUR,sepadirectdebit,Settled,0
1815383816096832,invoice-191-1194,BoxifyCom,2018-10-01 10:13:29,CEST,138.00,EUR,sepadirectdebit,Settled,10
1635383816040044,invoice-76-1192,BoxifyCom,2018-10-01 10:13:24,CEST,683.91,EUR,mc,SettledBulk,20
1715383808716703,invoice-730-1093,BoxifyCom,2018-10-01 10:01:11,CEST,101.00,EUR,sepadirectdebit,Chargeback,50
4315383335223643,invoice-774-1191,BoxifyCom,2018-09-30 20:52:02,CEST,415.50,EUR,sepadirectdebit,Settled,0
4515382328598753,sepa-920-1538232595,BoxifyCom,2018-09-29 16:54:19,CEST,0.00,EUR,sepadirectdebit,Authorised,0
1835382216388480,invoice-911-1190,BoxifyCom,2018-09-29 13:47:18,CEST,40.00,EUR,mc,SettledBulk,0
4525382212553664,card-911-1538220991,BoxifyCom,2018-09-29 13:40:55,CEST,0.00,EUR,mc,Authorised,0
1515381407522706,invoice-835-1189,BoxifyCom,2018-09-28 15:19:12,CEST,20.00,EUR,sepadirectdebit,Settled,0
1835381216819122,invoice-799-1069,BoxifyCom,2018-09-28 10:01:21,CEST,20.00,EUR,mc,SettledBulk,0
1815380352069108,invoice-846-1014,BoxifyCom,2018-09-27 10:00:06,CEST,29.90,EUR,sepadirectdebit,Chargeback,50
1615380352052544,invoice-845-1013,BoxifyCom,2018-09-27 10:00:05,CEST,184.80,EUR,sepadirectdebit,Chargeback,50
1615380352047833,invoice-841-1010,BoxifyCom,2018-09-27 10:00:04,CEST,202.80,EUR,sepadirectdebit,Chargeback,50
1615380352037503,invoice-592-971,BoxifyCom,2018-09-27 10:00:03,CEST,50.00,EUR,sepadirectdebit,Settled,50
1815380352032189,invoice-396-959,BoxifyCom,2018-09-27 10:00:03,CEST,50.00,EUR,sepadirectdebit,Settled,50
1535380282063154,invoice-858-1188,BoxifyCom,2018-09-27 08:03:26,CEST,350.00,EUR,mc,SettledBulk,10
4515379691653553,invoice-862-1187,BoxifyCom,2018-09-26 15:39:25,CEST,121.00,EUR,sepadirectdebit,Settled,0
4715379680086649,invoice-862-1186,BoxifyCom,2018-09-26 15:20:08,CEST,121.00,EUR,sepadirectdebit,Settled,0
4825379497075238,invoice-833-1185,BoxifyCom,2018-09-26 10:15:07,CEST,35.70,EUR,visa,SettledBulk,0
1445379458241288,invoice-455-1184,BoxifyCom,2018-09-26 09:10:24,CEST,40.00,EUR,visa,SettledBulk,10
1335379455202963,card-455-1537945263,BoxifyCom,2018-09-26 09:05:20,CEST,0.00,EUR,visa,Authorised,10
1615379043418262,invoice-920-1183,BoxifyCom,2018-09-25 21:39:01,CEST,122.50,EUR,sepadirectdebit,Chargeback,0
1515378897878127,invoice-919-1182,BoxifyCom,2018-09-25 17:36:27,CEST,55.00,EUR,sepadirectdebit,Settled,0
4735378873188218,card-917-1537887063,BoxifyCom,2018-09-25 16:55:18,CEST,0.00,EUR,visa,Authorised,0
4845378872551074,card-917-1537886999,BoxifyCom,2018-09-25 16:54:15,CEST,0.00,EUR,visa,Authorised,0
4615378832053813,invoice-918-1181,BoxifyCom,2018-09-25 15:46:45,CEST,72.50,EUR,sepadirectdebit,Settled,10
4615378832043624,invoice-917-1180,BoxifyCom,2018-09-25 15:46:44,CEST,107.25,EUR,sepadirectdebit,Chargeback,0
4715378832047038,invoice-916-1179,BoxifyCom,2018-09-25 15:46:44,CEST,107.25,EUR,sepadirectdebit,Settled,0
4515378832032818,invoice-915-1178,BoxifyCom,2018-09-25 15:46:43,CEST,107.25,EUR,sepadirectdebit,Settled,25
4815378832031767,invoice-912-1177,BoxifyCom,2018-09-25 15:46:43,CEST,99.00,EUR,sepadirectdebit,Settled,25
4845378832026522,invoice-911-1176,BoxifyCom,2018-09-25 15:46:42,CEST,35.70,EUR,mc,Refused,0
4815378832020935,invoice-910-1175,BoxifyCom,2018-09-25 15:46:42,CEST,50.00,EUR,sepadirectdebit,Settled,0
4515378832018684,invoice-909-1174,BoxifyCom,2018-09-25 15:46:41,CEST,87.50,EUR,sepadirectdebit,Settled,0
4735378832013689,invoice-908-1173,BoxifyCom,2018-09-25 15:46:41,CEST,73.95,EUR,visa,RefundedBulk,0
4715378832003411,invoice-907-1172,BoxifyCom,2018-09-25 15:46:40,CEST,107.25,EUR,sepadirectdebit,Chargeback,50
4545378831997593,invoice-906-1171,BoxifyCom,2018-09-25 15:46:39,CEST,106.03,EUR,visa,RefundedBulk,20
4715378831989248,invoice-904-1170,BoxifyCom,2018-09-25 15:46:38,CEST,26.50,EUR,sepadirectdebit,Settled,10
4615378831980164,invoice-885-1169,BoxifyCom,2018-09-25 15:46:38,CEST,84.75,EUR,sepadirectdebit,Settled,0
4415378831970134,invoice-883-1168,BoxifyCom,2018-09-25 15:46:37,CEST,101.66,EUR,sepadirectdebit,Settled,0
4315378831970424,invoice-881-1167,BoxifyCom,2018-09-25 15:46:37,CEST,50.00,EUR,sepadirectdebit,Chargeback,50
4315378831970135,invoice-880-1166,BoxifyCom,2018-09-25 15:46:37,CEST,17.11,EUR,sepadirectdebit,Settled,0
4315378831969996,invoice-876-1165,BoxifyCom,2018-09-25 15:46:36,CEST,96.53,EUR,sepadirectdebit,Settled,10
4515378831953709,invoice-875-1164,BoxifyCom,2018-09-25 15:46:35,CEST,30.73,EUR,sepadirectdebit,Settled,0
4815378831957657,invoice-871-1163,BoxifyCom,2018-09-25 15:46:35,CEST,130.20,EUR,sepadirectdebit,Settled,50
4815378831921018,invoice-870-1162,BoxifyCom,2018-09-25 15:46:32,CEST,108.90,EUR,sepadirectdebit,Refused,100
4615378831928767,invoice-862-1161,BoxifyCom,2018-09-25 15:46:32,CEST,168.00,EUR,sepadirectdebit,Settled,0
4445378831916933,invoice-861-1160,BoxifyCom,2018-09-25 15:46:31,CEST,25.50,EUR,visa,SettledBulk,10
4525378831918148,invoice-860-1159,BoxifyCom,2018-09-25 15:46:31,CEST,124.64,EUR,visa,SettledBulk,0
4735378831909648,invoice-858-1158,BoxifyCom,2018-09-25 15:46:30,CEST,124.64,EUR,mc,SettledBulk,10
4635378831890443,invoice-855-1157,BoxifyCom,2018-09-25 15:46:29,CEST,35.70,EUR,mc,SettledBulk,0
4315378831885788,invoice-852-1156,BoxifyCom,2018-09-25 15:46:28,CEST,81.00,EUR,sepadirectdebit,Settled,10
4815378831889041,invoice-851-1155,BoxifyCom,2018-09-25 15:46:28,CEST,48.42,EUR,sepadirectdebit,Chargeback,50
4815378831883440,invoice-850-1154,BoxifyCom,2018-09-25 15:46:28,CEST,276.68,EUR,sepadirectdebit,Chargeback,0
4515378831876355,invoice-849-1153,BoxifyCom,2018-09-25 15:46:27,CEST,130.20,EUR,sepadirectdebit,Settled,0
4615378831875984,invoice-846-1152,BoxifyCom,2018-09-25 15:46:27,CEST,96.00,EUR,sepadirectdebit,Chargeback,50
4315378831864577,invoice-845-1151,BoxifyCom,2018-09-25 15:46:26,CEST,184.80,EUR,sepadirectdebit,Chargeback,50
4625378831859796,invoice-842-1150,BoxifyCom,2018-09-25 15:46:25,CEST,51.00,EUR,mc,SettledBulk,0
4515378831849642,invoice-840-1149,BoxifyCom,2018-09-25 15:46:24,CEST,145.60,EUR,sepadirectdebit,Settled,50
4815378831846603,invoice-838-1148,BoxifyCom,2018-09-25 15:46:24,CEST,114.00,EUR,sepadirectdebit,Settled,10
4515378831832184,invoice-835-1147,BoxifyCom,2018-09-25 15:46:23,CEST,81.00,EUR,sepadirectdebit,Settled,0
4315378831832681,invoice-834-1146,BoxifyCom,2018-09-25 15:46:23,CEST,19.99,EUR,sepadirectdebit,Settled,0
4735378831823682,invoice-833-1145,BoxifyCom,2018-09-25 15:46:22,CEST,35.70,EUR,visa,RefundedBulk,0
4625378831817901,invoice-832-1144,BoxifyCom,2018-09-25 15:46:21,CEST,51.00,EUR,mc,SettledBulk,0
4525378831774160,invoice-780-1142,BoxifyCom,2018-09-25 15:46:17,CEST,40.80,EUR,mc,SettledBulk,0
4525378831773766,invoice-777-1141,BoxifyCom,2018-09-25 15:46:17,CEST,116.28,EUR,visa,SettledBulk,0
4315378831748044,invoice-765-1139,BoxifyCom,2018-09-25 15:46:14,CEST,35.00,EUR,sepadirectdebit,Chargeback,0
4825378831715343,invoice-738-1137,BoxifyCom,2018-09-25 15:46:11,CEST,171.36,EUR,mc,SettledBulk,30
4545378831707554,invoice-737-1136,BoxifyCom,2018-09-25 15:46:10,CEST,38.25,EUR,mc,SettledBulk,0
4845378831693546,invoice-735-1135,BoxifyCom,2018-09-25 15:46:09,CEST,73.95,EUR,mc,SettledBulk,0
4515378831696712,invoice-733-1134,BoxifyCom,2018-09-25 15:46:09,CEST,632.93,EUR,sepadirectdebit,Settled,10
4445378831684341,invoice-726-1133,BoxifyCom,2018-09-25 15:46:08,CEST,51.00,EUR,mc,SettledBulk,10
4635378831675828,invoice-720-1132,BoxifyCom,2018-09-25 15:46:07,CEST,45.90,EUR,visa,SettledBulk,0
4625378831584170,invoice-654-1128,BoxifyCom,2018-09-25 15:45:58,CEST,35.70,EUR,visa,RefundedBulk,0
4735378831560144,invoice-646-1127,BoxifyCom,2018-09-25 15:45:56,CEST,184.01,EUR,mc,Refused,10
4715378831567077,invoice-645-1126,BoxifyCom,2018-09-25 15:45:56,CEST,45.00,EUR,sepadirectdebit,Settled,0
4535378831559536,invoice-644-1125,BoxifyCom,2018-09-25 15:45:55,CEST,51.00,EUR,mc,SettledBulk,0
4725378831522443,invoice-606-1123,BoxifyCom,2018-09-25 15:45:52,CEST,132.80,EUR,visa,SettledBulk,30
4825378831503129,invoice-604-1122,BoxifyCom,2018-09-25 15:45:50,CEST,171.36,EUR,mc,SettledBulk,20
4615378831494745,invoice-592-1121,BoxifyCom,2018-09-25 15:45:49,CEST,50.00,EUR,sepadirectdebit,Settled,50
4525378831484125,invoice-588-1120,BoxifyCom,2018-09-25 15:45:48,CEST,212.06,EUR,mc,SettledBulk,20
4835378831450717,invoice-551-1118,BoxifyCom,2018-09-25 15:45:45,CEST,68.28,EUR,visa,SettledBulk,0
4435378831421126,invoice-550-1117,BoxifyCom,2018-09-25 15:45:42,CEST,51.00,EUR,visa,Refused,35
4835378831419829,invoice-545-1116,BoxifyCom,2018-09-25 15:45:41,CEST,73.95,EUR,visa,SettledBulk,0
4845378831367687,invoice-499-1114,BoxifyCom,2018-09-25 15:45:36,CEST,35.70,EUR,visa,SettledBulk,0
4515378831290946,invoice-396-1111,BoxifyCom,2018-09-25 15:45:29,CEST,50.00,EUR,sepadirectdebit,Settled,50
4715378831127567,invoice-201-1101,BoxifyCom,2018-09-25 15:45:12,CEST,87.50,EUR,sepadirectdebit,Chargeback,0
4415378831117298,invoice-191-1100,BoxifyCom,2018-09-25 15:45:11,CEST,138.00,EUR,sepadirectdebit,Settled,10
4625378831071921,invoice-76-1098,BoxifyCom,2018-09-25 15:45:07,CEST,683.91,EUR,mc,SettledBulk,20
1715378534598631,invoice-887-1097,BoxifyCom,2018-09-25 07:30:59,CEST,24.39,EUR,sepadirectdebit,Settled,10
1815378233712813,invoice-887-1096,BoxifyCom,2018-09-24 23:09:31,CEST,20.00,EUR,sepadirectdebit,Settled,10
4715377849772562,invoice-918-1095,BoxifyCom,2018-09-24 12:29:37,CEST,6.16,EUR,sepadirectdebit,Settled,10
4735377813986509,card-604-1537781145,BoxifyCom,2018-09-24 11:29:58,CEST,0.00,EUR,mc,Authorised,20
1615377797022173,invoice-917-1094,BoxifyCom,2018-09-24 11:01:42,CEST,107.15,EUR,sepadirectdebit,Chargeback,0
1615377673366462,invoice-730-1093,BoxifyCom,2018-09-24 07:35:36,CEST,101.00,EUR,sepadirectdebit,Chargeback,0
1425377326429196,invoice-839-1092,BoxifyCom,2018-09-23 21:57:22,CEST,60.00,EUR,visa,SettledBulk,0
1625376080764051,card-735-1537607828,BoxifyCom,2018-09-22 11:21:16,CEST,0.00,EUR,mc,Authorised,0
4415375352026676,invoice-916-1091,BoxifyCom,2018-09-21 15:06:42,CEST,217.88,EUR,sepadirectdebit,Settled,0
1315374553627322,invoice-915-1090,BoxifyCom,2018-09-20 16:56:02,CEST,67.88,EUR,sepadirectdebit,Settled,25
4635374492476705,invoice-891-1089,BoxifyCom,2018-09-20 15:14:07,CEST,40.00,EUR,mc,SettledBulk,0
1735374486997034,card-891-1537448455,BoxifyCom,2018-09-20 15:04:59,CEST,0.00,EUR,mc,Authorised,0
4725374486984012,card-891-1537448453,BoxifyCom,2018-09-20 15:04:58,CEST,0.00,EUR,mc,Authorised,0
4645373630260490,invoice-908-1088,BoxifyCom,2018-09-19 15:17:06,CEST,40.00,EUR,visa,SettledBulk,0
4615373479679251,invoice-909-1087,BoxifyCom,2018-09-19 11:06:07,CEST,85.54,EUR,sepadirectdebit,Settled,0
4835373440846058,invoice-624-975,BoxifyCom,2018-09-19 10:01:24,CEST,124.40,EUR,mc,Refused,0
4425373440810175,invoice-499-963,BoxifyCom,2018-09-19 10:01:21,CEST,50.70,EUR,visa,SettledBulk,0
4745373440686420,invoice-624-873,BoxifyCom,2018-09-19 10:01:08,CEST,124.40,EUR,mc,Refused,0
4525373440657476,invoice-499-861,BoxifyCom,2018-09-19 10:01:05,CEST,50.70,EUR,visa,SettledBulk,0
1335372728601426,card-738-1537272620,BoxifyCom,2018-09-18 14:14:20,CEST,0.00,EUR,mc,Authorised,30
1825372727348869,card-738-1537272494,BoxifyCom,2018-09-18 14:12:14,CEST,0.00,EUR,mc,Authorised,30
1525372607593157,invoice-833-1086,BoxifyCom,2018-09-18 10:52:39,CEST,60.00,EUR,visa,SettledBulk,0
1635370206961350,invoice-913-1085,BoxifyCom,2018-09-15 16:11:36,CEST,23.80,EUR,mc,Refused,10
1535370205767080,invoice-913-1084,BoxifyCom,2018-09-15 16:09:36,CEST,23.80,EUR,mc,Refused,10
1835369648826153,invoice-869-1083,BoxifyCom,2018-09-15 00:41:22,CEST,60.00,EUR,visa,SettledBulk,0
4715369356076065,invoice-912-1082,BoxifyCom,2018-09-14 16:33:27,CEST,101.58,EUR,sepadirectdebit,Settled,25
4815368720470193,invoice-837-1081,BoxifyCom,2018-09-13 22:54:07,CEST,40.00,EUR,sepadirectdebit,Settled,10
1625368549590474,invoice-911-1080,BoxifyCom,2018-09-13 18:09:19,CEST,16.66,EUR,mc,SettledBulk,0
1715368462443918,invoice-910-1079,BoxifyCom,2018-09-13 15:44:04,CEST,66.33,EUR,sepadirectdebit,Settled,0
1725368264329958,card-588-1536826203,BoxifyCom,2018-09-13 10:13:52,CEST,0.00,EUR,mc,Authorised,30
4835367652470185,invoice-792-1078,BoxifyCom,2018-09-12 17:14:07,CEST,20.00,EUR,visa,SettledBulk,0
1535367583435843,card-499-1536758116,BoxifyCom,2018-09-12 15:19:03,CEST,0.00,EUR,visa,Authorised,0
1825367573810558,card-499-1536757154,BoxifyCom,2018-09-12 15:03:01,CEST,0.00,EUR,visa,Authorised,0
1735367572569782,card-499-1536757029,BoxifyCom,2018-09-12 15:00:56,CEST,0.00,EUR,visa,Authorised,0
1535366606528980,invoice-865-1075,BoxifyCom,2018-09-11 12:10:52,CEST,60.00,EUR,mc,Refused,10
1625366486314619,invoice-847-1074,BoxifyCom,2018-09-11 08:50:31,CEST,60.00,EUR,visa,SettledBulk,25
1615365879224940,invoice-879-1073,BoxifyCom,2018-09-10 15:58:42,CEST,20.00,EUR,sepadirectdebit,Settled,0
4525365591133596,invoice-844-1072,BoxifyCom,2018-09-10 07:58:33,CEST,60.00,EUR,mc,SettledBulk,0
1715365251713477,invoice-730-1071,BoxifyCom,2018-09-09 22:32:51,CEST,20.00,EUR,sepadirectdebit,Settled,0
1735365070623291,invoice-908-1070,BoxifyCom,2018-09-09 17:31:02,CEST,46.84,EUR,visa,SettledBulk,0
1835363166250649,invoice-799-1069,BoxifyCom,2018-09-07 12:37:05,CEST,20.00,EUR,mc,RefundedBulk,0
1635363166068704,invoice-799-1068,BoxifyCom,2018-09-07 12:36:46,CEST,20.00,EUR,mc,SettledBulk,0
1825363151404724,card-799-1536314924,BoxifyCom,2018-09-07 12:12:20,CEST,0.00,EUR,mc,Authorised,0
1815362301855993,invoice-907-1067,BoxifyCom,2018-09-06 12:36:25,CEST,82.58,EUR,sepadirectdebit,Settled,50
4835361419284302,invoice-624-1066,BoxifyCom,2018-09-05 12:05:28,CEST,40.00,EUR,mc,SettledBulk,0
4735361414354200,card-624-1536141223,BoxifyCom,2018-09-05 11:57:15,CEST,0.00,EUR,mc,Authorised,0
1835361383430242,invoice-891-918,BoxifyCom,2018-09-05 11:05:43,CEST,46.06,EUR,mc,Refused,0
1815361383427036,invoice-892-917,BoxifyCom,2018-09-05 11:05:42,CEST,44.70,EUR,sepadirectdebit,Settled,0
1715361383429892,invoice-851-912,BoxifyCom,2018-09-05 11:05:42,CEST,72.50,EUR,sepadirectdebit,Chargeback,50
1815361383416641,invoice-840-907,BoxifyCom,2018-09-05 11:05:41,CEST,145.60,EUR,sepadirectdebit,Chargeback,50
1515361383383695,invoice-765-892,BoxifyCom,2018-09-05 11:05:38,CEST,35.70,EUR,sepadirectdebit,Settled,0
1315361383256323,invoice-396-857,BoxifyCom,2018-09-05 11:05:25,CEST,51.00,EUR,sepadirectdebit,Chargeback,0
1715361383198240,invoice-881-754,BoxifyCom,2018-09-05 11:05:19,CEST,50.00,EUR,sepadirectdebit,Settled,50
1515361383189571,invoice-870-732,BoxifyCom,2018-09-05 11:05:18,CEST,153.46,EUR,sepadirectdebit,Refused,100
1625361383174380,invoice-865-717,BoxifyCom,2018-09-05 11:05:17,CEST,67.30,EUR,mc,SettledBulk,10
1715361383163723,invoice-845-693,BoxifyCom,2018-09-05 11:05:16,CEST,120.00,EUR,sepadirectdebit,Chargeback,50
1725361383132858,invoice-767-681,BoxifyCom,2018-09-05 11:05:13,CEST,20.00,EUR,mc,Refused,0
1615361383123066,invoice-765-663,BoxifyCom,2018-09-05 11:05:12,CEST,35.00,EUR,sepadirectdebit,Settled,0
1515361382938044,invoice-191-551,BoxifyCom,2018-09-05 11:04:53,CEST,133.10,EUR,sepadirectdebit,Settled,10
4815361287770030,invoice-902-1065,BoxifyCom,2018-09-05 08:26:17,CEST,19.83,EUR,sepadirectdebit,Settled,0
4325359973625560,invoice-906-1064,BoxifyCom,2018-09-03 19:56:02,CEST,115.09,EUR,visa,SettledBulk,20
1625359868631171,invoice-843-1063,BoxifyCom,2018-09-03 17:01:03,CEST,20.00,EUR,visa,RefundedBulk,35
1835359867943482,invoice-843-1062,BoxifyCom,2018-09-03 16:59:54,CEST,20.00,EUR,visa,SettledBulk,35
4715357464147456,invoice-835-1059,BoxifyCom,2018-08-31 22:13:34,CEST,20.00,EUR,sepadirectdebit,Settled,0
1515357144075687,invoice-904-1058,BoxifyCom,2018-08-31 13:20:07,CEST,72.50,EUR,sepadirectdebit,Settled,10
1615357144076239,invoice-902-1057,BoxifyCom,2018-08-31 13:20:07,CEST,20.00,EUR,sepadirectdebit,Settled,0
1525357144063806,invoice-901-1056,BoxifyCom,2018-08-31 13:20:06,CEST,51.00,EUR,visa,SettledBulk,0
1615357144065828,invoice-900-1055,BoxifyCom,2018-08-31 13:20:06,CEST,72.50,EUR,sepadirectdebit,Settled,0
1525357144049557,invoice-899-1054,BoxifyCom,2018-08-31 13:20:04,CEST,51.00,EUR,mc,Refused,0
1615357144045051,invoice-898-1053,BoxifyCom,2018-08-31 13:20:04,CEST,87.50,EUR,sepadirectdebit,Settled,10
1525357144022380,invoice-897-1052,BoxifyCom,2018-08-31 13:20:02,CEST,73.95,EUR,visa,SettledBulk,0
1425357144013323,invoice-896-1051,BoxifyCom,2018-08-31 13:20:01,CEST,73.95,EUR,mc,SettledBulk,25
1815357144014790,invoice-894-1050,BoxifyCom,2018-08-31 13:20:01,CEST,107.25,EUR,sepadirectdebit,Settled,25
4725357144008134,invoice-893-1049,BoxifyCom,2018-08-31 13:20:00,CEST,73.95,EUR,visa,SettledBulk,0
4815357144004704,invoice-892-1048,BoxifyCom,2018-08-31 13:20:00,CEST,99.00,EUR,sepadirectdebit,Settled,0
4625357143991133,invoice-891-1047,BoxifyCom,2018-08-31 13:19:59,CEST,89.25,EUR,mc,SettledBulk,0
4715357143990284,invoice-890-1046,BoxifyCom,2018-08-31 13:19:59,CEST,87.50,EUR,sepadirectdebit,Settled,0
4525357143984204,invoice-889-1045,BoxifyCom,2018-08-31 13:19:58,CEST,73.95,EUR,visa,SettledBulk,25
4625357143979609,invoice-888-1044,BoxifyCom,2018-08-31 13:19:57,CEST,20.40,EUR,visa,SettledBulk,20
4515357143974009,invoice-887-1043,BoxifyCom,2018-08-31 13:19:57,CEST,35.00,EUR,sepadirectdebit,Settled,10
4535357143963776,invoice-886-1042,BoxifyCom,2018-08-31 13:19:56,CEST,12.24,EUR,visa,SettledBulk,0
4615357143950198,invoice-885-1041,BoxifyCom,2018-08-31 13:19:55,CEST,107.25,EUR,sepadirectdebit,Settled,0
4815357143956342,invoice-884-1040,BoxifyCom,2018-08-31 13:19:55,CEST,62.00,EUR,sepadirectdebit,Settled,10
4715357143954157,invoice-883-1039,BoxifyCom,2018-08-31 13:19:55,CEST,123.34,EUR,sepadirectdebit,Settled,0
4815357143942961,invoice-882-1038,BoxifyCom,2018-08-31 13:19:54,CEST,72.50,EUR,sepadirectdebit,Chargeback,0
4715357143943937,invoice-881-1037,BoxifyCom,2018-08-31 13:19:54,CEST,50.00,EUR,sepadirectdebit,Settled,50
4615357143934614,invoice-876-1036,BoxifyCom,2018-08-31 13:19:53,CEST,13.70,EUR,sepadirectdebit,Settled,10
4815357143935809,invoice-874-1035,BoxifyCom,2018-08-31 13:19:53,CEST,24.00,EUR,sepadirectdebit,Settled,0
4815357143932491,invoice-873-1034,BoxifyCom,2018-08-31 13:19:53,CEST,107.25,EUR,sepadirectdebit,Settled,0
4615357143924334,invoice-872-1033,BoxifyCom,2018-08-31 13:19:52,CEST,7.72,EUR,sepadirectdebit,Settled,0
4615357143924227,invoice-871-1032,BoxifyCom,2018-08-31 13:19:52,CEST,31.35,EUR,sepadirectdebit,Settled,50
4615357143913857,invoice-870-1031,BoxifyCom,2018-08-31 13:19:51,CEST,108.90,EUR,sepadirectdebit,Refused,100
4425357143904666,invoice-869-1030,BoxifyCom,2018-08-31 13:19:50,CEST,40.31,EUR,visa,SettledBulk,0
4535357143892116,invoice-868-1029,BoxifyCom,2018-08-31 13:19:49,CEST,51.00,EUR,visa,SettledBulk,35
4815357143899815,invoice-867-1028,BoxifyCom,2018-08-31 13:19:49,CEST,82.90,EUR,sepadirectdebit,Settled,0
4735357143882396,invoice-865-1027,BoxifyCom,2018-08-31 13:19:48,CEST,105.06,EUR,mc,SettledBulk,10
4715357143889841,invoice-862-1026,BoxifyCom,2018-08-31 13:19:48,CEST,71.59,EUR,sepadirectdebit,Settled,0
4835357143870929,invoice-861-1025,BoxifyCom,2018-08-31 13:19:47,CEST,25.50,EUR,visa,SettledBulk,10
4725357143869460,invoice-860-1024,BoxifyCom,2018-08-31 13:19:46,CEST,116.24,EUR,visa,SettledBulk,0
4625357143856591,invoice-858-1023,BoxifyCom,2018-08-31 13:19:45,CEST,107.72,EUR,mc,SettledBulk,10
4735357143841285,invoice-855-1022,BoxifyCom,2018-08-31 13:19:44,CEST,12.34,EUR,mc,SettledBulk,0
4835357143844981,invoice-854-1021,BoxifyCom,2018-08-31 13:19:44,CEST,41.06,EUR,visa,SettledBulk,0
4615357143835985,invoice-853-1020,BoxifyCom,2018-08-31 13:19:43,CEST,48.39,EUR,sepadirectdebit,Settled,50
4515357143830375,invoice-852-1019,BoxifyCom,2018-08-31 13:19:43,CEST,43.32,EUR,sepadirectdebit,Settled,10
4815357143838052,invoice-850-1018,BoxifyCom,2018-08-31 13:19:43,CEST,122.20,EUR,sepadirectdebit,Settled,0
4415357143811855,invoice-849-1017,BoxifyCom,2018-08-31 13:19:41,CEST,72.20,EUR,sepadirectdebit,Settled,0
4815357143803924,invoice-848-1016,BoxifyCom,2018-08-31 13:19:40,CEST,107.25,EUR,sepadirectdebit,Settled,0
4335357143738311,invoice-847-1015,BoxifyCom,2018-08-31 13:19:33,CEST,40.74,EUR,visa,SettledBulk,25
4415357143739452,invoice-846-1014,BoxifyCom,2018-08-31 13:19:33,CEST,29.90,EUR,sepadirectdebit,Chargeback,0
4315357143728118,invoice-845-1013,BoxifyCom,2018-08-31 13:19:32,CEST,184.80,EUR,sepadirectdebit,Chargeback,50
4635357143703205,invoice-843-1012,BoxifyCom,2018-08-31 13:19:30,CEST,63.24,EUR,visa,SettledBulk,35
4735357143699352,invoice-842-1011,BoxifyCom,2018-08-31 13:19:29,CEST,5.10,EUR,mc,SettledBulk,0
4515357143681083,invoice-841-1010,BoxifyCom,2018-08-31 13:19:28,CEST,202.80,EUR,sepadirectdebit,Chargeback,0
4315357143686837,invoice-840-1009,BoxifyCom,2018-08-31 13:19:28,CEST,145.60,EUR,sepadirectdebit,Settled,50
4335357143686643,invoice-839-1008,BoxifyCom,2018-08-31 13:19:28,CEST,5.10,EUR,visa,SettledBulk,0
4615357143672347,invoice-838-1007,BoxifyCom,2018-08-31 13:19:27,CEST,114.00,EUR,sepadirectdebit,Settled,10
4615357143672230,invoice-837-1006,BoxifyCom,2018-08-31 13:19:27,CEST,62.00,EUR,sepadirectdebit,Settled,10
4815357143668392,invoice-835-1005,BoxifyCom,2018-08-31 13:19:26,CEST,39.40,EUR,sepadirectdebit,Settled,0
4715357143660481,invoice-834-1004,BoxifyCom,2018-08-31 13:19:26,CEST,19.43,EUR,sepadirectdebit,Settled,0
4335357143656042,invoice-833-1003,BoxifyCom,2018-08-31 13:19:25,CEST,25.58,EUR,visa,SettledBulk,0
4325357143655681,invoice-832-1002,BoxifyCom,2018-08-31 13:19:25,CEST,51.00,EUR,mc,SettledBulk,0
4335357143604109,invoice-792-999,BoxifyCom,2018-08-31 13:19:20,CEST,35.70,EUR,visa,SettledBulk,0
4325357143593817,invoice-780-998,BoxifyCom,2018-08-31 13:19:19,CEST,40.80,EUR,mc,SettledBulk,0
4725357143586155,invoice-777-997,BoxifyCom,2018-08-31 13:19:18,CEST,116.28,EUR,visa,SettledBulk,0
4515357143562143,invoice-774-995,BoxifyCom,2018-08-31 13:19:16,CEST,35.00,EUR,sepadirectdebit,Settled,0
4715357143555186,invoice-765-994,BoxifyCom,2018-08-31 13:19:15,CEST,35.00,EUR,sepadirectdebit,Settled,0
4335357143531708,invoice-749-992,BoxifyCom,2018-08-31 13:19:13,CEST,51.00,EUR,mc,Refused,0
4535357143528629,invoice-738-991,BoxifyCom,2018-08-31 13:19:12,CEST,171.36,EUR,visa,SettledBulk,10
4525357143518184,invoice-737-990,BoxifyCom,2018-08-31 13:19:11,CEST,38.25,EUR,mc,SettledBulk,0
4715357143474503,invoice-733-988,BoxifyCom,2018-08-31 13:19:07,CEST,632.93,EUR,sepadirectdebit,Settled,10
4415357143471494,invoice-730-987,BoxifyCom,2018-08-31 13:19:07,CEST,186.30,EUR,sepadirectdebit,Settled,0
4725357143464122,invoice-726-986,BoxifyCom,2018-08-31 13:19:06,CEST,51.00,EUR,mc,SettledBulk,10
4535357143466655,invoice-720-985,BoxifyCom,2018-08-31 13:19:06,CEST,51.00,EUR,visa,SettledBulk,0
4815357143432047,invoice-701-983,BoxifyCom,2018-08-31 13:19:03,CEST,35.00,EUR,sepadirectdebit,Settled,0
4835357143380267,invoice-683-981,BoxifyCom,2018-08-31 13:18:58,CEST,20.40,EUR,visa,SettledBulk,0
4535357143358118,invoice-654-979,BoxifyCom,2018-08-31 13:18:55,CEST,35.70,EUR,visa,SettledBulk,0
4525357143347832,invoice-646-978,BoxifyCom,2018-08-31 13:18:54,CEST,184.01,EUR,mc,Refused,10
4615357143331688,invoice-645-977,BoxifyCom,2018-08-31 13:18:53,CEST,45.00,EUR,sepadirectdebit,Settled,0
4835357143323606,invoice-644-976,BoxifyCom,2018-08-31 13:18:52,CEST,51.00,EUR,mc,SettledBulk,0
4335357143273400,invoice-606-973,BoxifyCom,2018-08-31 13:18:47,CEST,132.80,EUR,visa,SettledBulk,30
4415357143254221,invoice-592-971,BoxifyCom,2018-08-31 13:18:45,CEST,50.00,EUR,sepadirectdebit,Chargeback,0
4715357143245606,invoice-588-970,BoxifyCom,2018-08-31 13:18:44,CEST,207.90,EUR,unknowncard,Refused,0
4625357143213181,invoice-551-968,BoxifyCom,2018-08-31 13:18:41,CEST,68.28,EUR,visa,SettledBulk,0
4435357143202960,invoice-550-967,BoxifyCom,2018-08-31 13:18:40,CEST,51.00,EUR,visa,Refused,35
4625357143202663,invoice-545-966,BoxifyCom,2018-08-31 13:18:40,CEST,73.95,EUR,visa,SettledBulk,0
4735357143199122,invoice-519-965,BoxifyCom,2018-08-31 13:18:39,CEST,51.00,EUR,visa,SettledBulk,0
4735357143158052,invoice-482-962,BoxifyCom,2018-08-31 13:18:35,CEST,116.28,EUR,visa,SettledBulk,0
4615357143119430,invoice-396-959,BoxifyCom,2018-08-31 13:18:31,CEST,50.00,EUR,sepadirectdebit,Chargeback,0
4315357142944039,invoice-201-948,BoxifyCom,2018-08-31 13:18:14,CEST,87.50,EUR,sepadirectdebit,Settled,0
4815357142947235,invoice-191-947,BoxifyCom,2018-08-31 13:18:14,CEST,138.00,EUR,sepadirectdebit,Settled,10
4725357142818385,invoice-76-945,BoxifyCom,2018-08-31 13:18:01,CEST,683.91,EUR,mc,SettledBulk,20
4735356359464931,invoice-654-940,BoxifyCom,2018-08-30 15:32:26,CEST,11.02,EUR,visa,SettledBulk,0
4815355450388992,invoice-904-939,BoxifyCom,2018-08-29 14:17:18,CEST,67.67,EUR,sepadirectdebit,Settled,10
4415354697700584,invoice-902-938,BoxifyCom,2018-08-28 17:22:50,CEST,1.29,EUR,sepadirectdebit,Settled,0
1315354481236131,invoice-872-937,BoxifyCom,2018-08-28 11:22:03,CEST,120.00,EUR,sepadirectdebit,Settled,0
1625354390598790,invoice-901-936,BoxifyCom,2018-08-28 08:50:59,CEST,54.29,EUR,visa,SettledBulk,0
1615353711415462,invoice-853-935,BoxifyCom,2018-08-27 13:59:01,CEST,120.00,EUR,sepadirectdebit,Settled,50
1615353619346348,invoice-900-934,BoxifyCom,2018-08-27 11:25:34,CEST,4.68,EUR,sepadirectdebit,Settled,0
1835353592576667,card-738-1535359065,BoxifyCom,2018-08-27 10:40:57,CEST,0.00,EUR,visa,Authorised,10
4725353061707667,invoice-877-933,BoxifyCom,2018-08-26 19:56:10,CEST,80.00,EUR,visa,SettledBulk,35
1835352282445357,invoice-854-932,BoxifyCom,2018-08-25 22:17:24,CEST,60.00,EUR,visa,SettledBulk,0
1735350389826355,invoice-899-931,BoxifyCom,2018-08-23 17:43:02,CEST,11.52,EUR,mc,SettledBulk,0
4315350178856268,invoice-898-930,BoxifyCom,2018-08-23 11:51:25,CEST,11.29,EUR,sepadirectdebit,Settled,10
4525349485773543,card-76-1534948395,BoxifyCom,2018-08-22 16:36:17,CEST,0.00,EUR,mc,Authorised,20
4635349484927287,card-76-1534948310,BoxifyCom,2018-08-22 16:34:52,CEST,0.00,EUR,mc,Authorised,20
1735349272698145,invoice-897-929,BoxifyCom,2018-08-22 10:41:09,CEST,2.39,EUR,visa,SettledBulk,0
4715348865631685,invoice-701-928,BoxifyCom,2018-08-21 23:22:43,CEST,60.00,EUR,sepadirectdebit,Settled,0
4825348646557651,invoice-683-927,BoxifyCom,2018-08-21 17:17:35,CEST,40.00,EUR,visa,SettledBulk,0
4735348646048221,invoice-654-926,BoxifyCom,2018-08-21 17:16:44,CEST,60.00,EUR,visa,SettledBulk,0
4515348602245601,sepa-701-1534860044,BoxifyCom,2018-08-21 16:03:44,CEST,0.00,EUR,sepadirectdebit,Authorised,0
4825348601572398,card-701-1534859977,BoxifyCom,2018-08-21 16:02:37,CEST,0.00,EUR,visa,Refused,0
4535348459339487,card-654-1534845754,BoxifyCom,2018-08-21 12:05:33,CEST,0.00,EUR,visa,Authorised,0
4635348341450871,invoice-896-925,BoxifyCom,2018-08-21 08:49:05,CEST,4.77,EUR,mc,SettledBulk,25
4315347707188015,invoice-879-924,BoxifyCom,2018-08-20 15:11:58,CEST,22.58,EUR,sepadirectdebit,Settled,0
1825345892674731,invoice-482-923,BoxifyCom,2018-08-18 12:47:47,CEST,20.00,EUR,visa,SettledBulk,0
4725345886568761,card-482-1534588482,BoxifyCom,2018-08-18 12:37:36,CEST,0.00,EUR,visa,Authorised,0
1715345064562824,invoice-874-922,BoxifyCom,2018-08-17 13:47:36,CEST,20.00,EUR,sepadirectdebit,Settled,0
4415344935732218,invoice-894-921,BoxifyCom,2018-08-17 10:12:53,CEST,136.15,EUR,sepadirectdebit,Settled,25
1335344158860186,invoice-749-920,BoxifyCom,2018-08-16 12:38:06,CEST,20.00,EUR,mc,SettledBulk,0
1535344155752095,card-749-1534415406,BoxifyCom,2018-08-16 12:32:55,CEST,0.00,EUR,mc,Authorised,0
1635344101086076,invoice-893-919,BoxifyCom,2018-08-16 11:01:48,CEST,19.08,EUR,visa,SettledBulk,0
1825341672992401,card-891-1534167137,BoxifyCom,2018-08-13 15:34:59,CEST,0.00,EUR,mc,Authorised,0
1415341669673481,sepa-892-1534166804,BoxifyCom,2018-08-13 15:29:27,CEST,0.00,EUR,sepadirectdebit,Authorised,0
4815339160878039,sepa-765-1533915930,BoxifyCom,2018-08-10 17:48:07,CEST,0.00,EUR,sepadirectdebit,Authorised,0
4725339158790039,card-765-1533915722,BoxifyCom,2018-08-10 17:44:39,CEST,0.00,EUR,mc,Refused,0
1815338252031552,invoice-890-916,BoxifyCom,2018-08-09 16:33:23,CEST,50.00,EUR,sepadirectdebit,Settled,0
4725338106035448,invoice-889-915,BoxifyCom,2018-08-09 12:30:03,CEST,204.00,EUR,visa,SettledBulk,25
4535337986394552,invoice-854-914,BoxifyCom,2018-08-09 09:10:39,CEST,40.00,EUR,visa,SettledBulk,0
1815337166275461,sepa-396-1533716476,BoxifyCom,2018-08-08 10:23:47,CEST,0.00,EUR,sepadirectdebit,Authorised,0
1335336724892883,invoice-519-913,BoxifyCom,2018-08-07 22:08:09,CEST,20.00,EUR,visa,SettledBulk,0
4625336548552385,card-777-1533654706,BoxifyCom,2018-08-07 17:14:15,CEST,0.00,EUR,visa,Authorised,0
1615336536538634,invoice-851-912,BoxifyCom,2018-08-07 16:54:13,CEST,72.50,EUR,sepadirectdebit,Chargeback,0
1735336536520835,invoice-847-911,BoxifyCom,2018-08-07 16:54:12,CEST,140.76,EUR,visa,SettledBulk,25
1815336536526397,invoice-846-910,BoxifyCom,2018-08-07 16:54:12,CEST,96.00,EUR,sepadirectdebit,Settled,0
1325336536510618,invoice-844-909,BoxifyCom,2018-08-07 16:54:11,CEST,63.24,EUR,mc,SettledBulk,0
1625336536503727,invoice-842-908,BoxifyCom,2018-08-07 16:54:10,CEST,51.00,EUR,mc,SettledBulk,0
1415336536492701,invoice-840-907,BoxifyCom,2018-08-07 16:54:09,CEST,145.60,EUR,sepadirectdebit,Chargeback,0
1825336536490725,invoice-839-906,BoxifyCom,2018-08-07 16:54:09,CEST,51.00,EUR,visa,SettledBulk,0
1415336536461607,invoice-838-905,BoxifyCom,2018-08-07 16:54:06,CEST,153.00,EUR,sepadirectdebit,Settled,10
1815336536469341,invoice-837-904,BoxifyCom,2018-08-07 16:54:06,CEST,62.00,EUR,sepadirectdebit,Settled,10
1715336536467098,invoice-835-903,BoxifyCom,2018-08-07 16:54:06,CEST,96.00,EUR,sepadirectdebit,Settled,0
1515336536454122,invoice-834-902,BoxifyCom,2018-08-07 16:54:05,CEST,20.00,EUR,sepadirectdebit,Settled,0
1525336536453858,invoice-833-901,BoxifyCom,2018-08-07 16:54:05,CEST,35.70,EUR,visa,SettledBulk,0
1725336536442768,invoice-832-900,BoxifyCom,2018-08-07 16:54:04,CEST,51.00,EUR,mc,SettledBulk,0
1335336536396081,invoice-792-897,BoxifyCom,2018-08-07 16:53:59,CEST,35.70,EUR,visa,SettledBulk,0
1835336536381708,invoice-780-896,BoxifyCom,2018-08-07 16:53:58,CEST,40.80,EUR,mc,SettledBulk,0
1615336536374238,invoice-777-895,BoxifyCom,2018-08-07 16:53:57,CEST,116.28,EUR,unknowncard,Refused,0
1515336536334662,invoice-774-893,BoxifyCom,2018-08-07 16:53:53,CEST,72.50,EUR,sepadirectdebit,Settled,0
1415336536253715,invoice-738-889,BoxifyCom,2018-08-07 16:53:45,CEST,171.36,EUR,unknowncard,Refused,0
1335336536240735,invoice-737-888,BoxifyCom,2018-08-07 16:53:44,CEST,38.25,EUR,mc,SettledBulk,0
1715336536228268,invoice-733-886,BoxifyCom,2018-08-07 16:53:42,CEST,632.93,EUR,sepadirectdebit,Settled,10
1615336536216975,invoice-730-885,BoxifyCom,2018-08-07 16:53:41,CEST,186.30,EUR,sepadirectdebit,Settled,0
1725336536207781,invoice-726-884,BoxifyCom,2018-08-07 16:53:40,CEST,51.00,EUR,mc,SettledBulk,10
1625336536206453,invoice-720-883,BoxifyCom,2018-08-07 16:53:40,CEST,51.00,EUR,visa,SettledBulk,0
1835336536111725,invoice-683-879,BoxifyCom,2018-08-07 16:53:31,CEST,20.40,EUR,visa,SettledBulk,0
1525336536064945,invoice-646-876,BoxifyCom,2018-08-07 16:53:26,CEST,184.01,EUR,mc,Refused,10
1415336536056795,invoice-645-875,BoxifyCom,2018-08-07 16:53:25,CEST,45.00,EUR,sepadirectdebit,Settled,0
1525336536048914,invoice-644-874,BoxifyCom,2018-08-07 16:53:24,CEST,51.00,EUR,mc,SettledBulk,0
1535336535992706,invoice-606-871,BoxifyCom,2018-08-07 16:53:19,CEST,132.80,EUR,visa,SettledBulk,30
1515336535966092,invoice-592-869,BoxifyCom,2018-08-07 16:53:16,CEST,50.00,EUR,sepadirectdebit,Settled,0
1615336535958270,invoice-588-868,BoxifyCom,2018-08-07 16:53:15,CEST,207.90,EUR,unknowncard,Refused,0
1725336535934286,invoice-551-866,BoxifyCom,2018-08-07 16:53:13,CEST,68.28,EUR,visa,SettledBulk,0
1825336535925317,invoice-550-865,BoxifyCom,2018-08-07 16:53:12,CEST,51.00,EUR,visa,SettledBulk,35
1425336535911998,invoice-545-864,BoxifyCom,2018-08-07 16:53:11,CEST,73.95,EUR,visa,SettledBulk,0
1825336535909881,invoice-519-863,BoxifyCom,2018-08-07 16:53:10,CEST,51.00,EUR,visa,SettledBulk,0
1715336535603081,invoice-201-846,BoxifyCom,2018-08-07 16:52:40,CEST,81.00,EUR,sepadirectdebit,Settled,0
1515336535598903,invoice-191-845,BoxifyCom,2018-08-07 16:52:39,CEST,138.00,EUR,sepadirectdebit,Settled,10
1515336335572587,invoice-738-842,BoxifyCom,2018-08-07 11:19:17,CEST,60.00,EUR,unknowncard,Refused,0
1415335617671753,sepa-592-1533561620,BoxifyCom,2018-08-06 15:22:47,CEST,0.00,EUR,sepadirectdebit,Authorised,0
1615335616292203,sepa-191-1533561482,BoxifyCom,2018-08-06 15:20:29,CEST,0.00,EUR,sepadirectdebit,Authorised,10
4535335521423381,invoice-888-841,BoxifyCom,2018-08-06 12:42:22,CEST,16.45,EUR,visa,SettledBulk,20
4615335482000189,invoice-867-840,BoxifyCom,2018-08-06 11:36:40,CEST,20.00,EUR,sepadirectdebit,Settled,0
4515335479605363,invoice-887-839,BoxifyCom,2018-08-06 11:32:40,CEST,38.85,EUR,sepadirectdebit,Settled,10
1625333169654737,invoice-886-838,BoxifyCom,2018-08-03 19:22:45,CEST,78.54,EUR,visa,SettledBulk,0
4515333126878590,invoice-885-837,BoxifyCom,2018-08-03 18:11:27,CEST,291.16,EUR,sepadirectdebit,Settled,0
1535332045223088,card-738-1533204383,BoxifyCom,2018-08-02 12:08:42,CEST,0.00,EUR,mc,Authorised,30
1315331298486372,invoice-884-757,BoxifyCom,2018-08-01 15:24:08,CEST,50.00,EUR,sepadirectdebit,Settled,10
4425331232445923,card-777-1533123107,BoxifyCom,2018-08-01 13:34:04,CEST,0.00,EUR,visa,Authorised,0
4825331130433001,card-833-1533112907,BoxifyCom,2018-08-01 10:44:03,CEST,0.00,EUR,visa,Authorised,0
1515331088145830,invoice-883-756,BoxifyCom,2018-08-01 09:33:34,CEST,117.17,EUR,sepadirectdebit,Settled,0
1815330523049687,invoice-882-755,BoxifyCom,2018-07-31 17:51:44,CEST,72.50,EUR,sepadirectdebit,Settled,0
4615329843977771,invoice-881-754,BoxifyCom,2018-07-30 22:59:57,CEST,50.00,EUR,sepadirectdebit,Chargeback,0
4515329843280300,invoice-881-753,BoxifyCom,2018-07-30 22:58:48,CEST,50.00,EUR,sepadirectdebit,Refused,0
4715329842942775,invoice-881-752,BoxifyCom,2018-07-30 22:58:14,CEST,50.00,EUR,sepadirectdebit,Refused,0
4825329564962636,card-726-1532956364,BoxifyCom,2018-07-30 15:14:56,CEST,0.00,EUR,mc,Authorised,10
4415328908954297,invoice-880-751,BoxifyCom,2018-07-29 21:01:35,CEST,162.50,EUR,sepadirectdebit,Settled,0
1815326185204750,invoice-879-747,BoxifyCom,2018-07-26 17:22:00,CEST,158.90,EUR,sepadirectdebit,Settled,0
1515325329725038,invoice-878-746,BoxifyCom,2018-07-25 17:36:12,CEST,47.50,EUR,sepadirectdebit,Settled,25
4635325261548694,invoice-877-745,BoxifyCom,2018-07-25 15:42:34,CEST,109.40,EUR,visa,SettledBulk,36
4725325258263639,invoice-877-744,BoxifyCom,2018-07-25 15:37:06,CEST,109.40,EUR,mc,Refused,25
1335325254194240,invoice-877-743,BoxifyCom,2018-07-25 15:30:19,CEST,109.40,EUR,mc,Refused,0
1635325252597714,invoice-877-742,BoxifyCom,2018-07-25 15:27:39,CEST,109.40,EUR,mc,Refused,0
4615325196735840,invoice-876-741,BoxifyCom,2018-07-25 13:54:33,CEST,106.70,EUR,sepadirectdebit,Settled,10
1715325058316320,invoice-875-740,BoxifyCom,2018-07-25 10:03:51,CEST,72.50,EUR,sepadirectdebit,Settled,0
1815324387528357,invoice-874-739,BoxifyCom,2018-07-24 15:25:52,CEST,50.00,EUR,sepadirectdebit,Settled,0
4815324227957422,invoice-873-736,BoxifyCom,2018-07-24 10:59:55,CEST,107.25,EUR,sepadirectdebit,Settled,0
4515323529230192,invoice-872-734,BoxifyCom,2018-07-23 15:35:23,CEST,107.25,EUR,sepadirectdebit,Settled,0
1715323518004131,invoice-871-733,BoxifyCom,2018-07-23 15:16:40,CEST,107.25,EUR,sepadirectdebit,Settled,50
1715323495627219,invoice-870-732,BoxifyCom,2018-07-23 14:39:22,CEST,153.46,EUR,sepadirectdebit,Chargeback,0
4725323491973585,card-777-1532349080,BoxifyCom,2018-07-23 14:33:17,CEST,0.00,EUR,visa,Refused,4
4835323490271152,card-777-1532348910,BoxifyCom,2018-07-23 14:30:27,CEST,0.00,EUR,visa,Refused,0
4835323489794628,card-777-1532348862,BoxifyCom,2018-07-23 14:29:39,CEST,0.00,EUR,visa,Refused,0
4735323489345349,card-777-1532348817,BoxifyCom,2018-07-23 14:28:54,CEST,0.00,EUR,visa,Refused,0
1435323380631044,card-606-1532337946,BoxifyCom,2018-07-23 11:27:43,CEST,0.00,EUR,visa,Authorised,30
1625323377660196,card-606-1532337649,BoxifyCom,2018-07-23 11:22:46,CEST,0.00,EUR,visa,Authorised,30
4335321892941799,invoice-854-731,BoxifyCom,2018-07-21 18:08:14,CEST,58.65,EUR,visa,SettledBulk,1
1625321889996785,invoice-854-730,BoxifyCom,2018-07-21 18:03:19,CEST,58.65,EUR,visa,Refused,0
1735321888718526,invoice-854-729,BoxifyCom,2018-07-21 18:01:11,CEST,58.65,EUR,visa,Refused,0
4535321871627037,invoice-854-728,BoxifyCom,2018-07-21 17:32:42,CEST,58.65,EUR,visa,Refused,0
4815320162923494,sepa-768-1532016183,BoxifyCom,2018-07-19 18:04:52,CEST,0.00,EUR,sepadirectdebit,Authorised,10
1815320162723254,sepa-768-1532016162,BoxifyCom,2018-07-19 18:04:32,CEST,0.00,EUR,sepadirectdebit,Authorised,10
1515320162628001,sepa-768-1532016153,BoxifyCom,2018-07-19 18:04:22,CEST,0.00,EUR,sepadirectdebit,Authorised,10
4535319419063558,card-644-1531941798,BoxifyCom,2018-07-18 21:25:06,CEST,0.00,EUR,mc,Authorised,0
1515319179987079,sepa-733-1531917892,BoxifyCom,2018-07-18 14:46:38,CEST,0.00,EUR,sepadirectdebit,Authorised,10
1415319179865540,sepa-733-1531917880,BoxifyCom,2018-07-18 14:46:26,CEST,0.00,EUR,sepadirectdebit,Authorised,10
1535319029762280,card-2-1531902870,BoxifyCom,2018-07-18 10:36:16,CEST,0.00,EUR,mc,Authorised,-90
1815319029491543,sepa-2-1531902843,BoxifyCom,2018-07-18 10:35:49,CEST,0.00,EUR,sepadirectdebit,Authorised,0
4325317476340574,invoice-869-726,BoxifyCom,2018-07-16 15:27:14,CEST,104.55,EUR,visa,SettledBulk,0
4625317194706582,invoice-868-724,BoxifyCom,2018-07-16 07:37:50,CEST,117.30,EUR,visa,SettledBulk,35
1625315600128108,card-866-1531559915,BoxifyCom,2018-07-14 11:20:12,CEST,0.00,EUR,mc,Refused,0
4835315599410814,card-866-1531559843,BoxifyCom,2018-07-14 11:19:01,CEST,0.00,EUR,mc,Authorised,0
4715314152980367,invoice-867-723,BoxifyCom,2018-07-12 19:08:18,CEST,50.00,EUR,sepadirectdebit,Settled,0
4535314032965156,invoice-866-722,BoxifyCom,2018-07-12 15:48:16,CEST,7.65,EUR,mc,Refused,3
4635314019204438,invoice-866-721,BoxifyCom,2018-07-12 15:25:20,CEST,7.65,EUR,mc,Refused,3
4725314018487670,invoice-866-720,BoxifyCom,2018-07-12 15:24:08,CEST,7.65,EUR,mc,Refused,0
1435314017992768,invoice-866-719,BoxifyCom,2018-07-12 15:23:19,CEST,7.65,EUR,mc,Refused,0
4625314017545065,invoice-866-718,BoxifyCom,2018-07-12 15:22:34,CEST,7.65,EUR,mc,Refused,0
1425312942129946,invoice-865-717,BoxifyCom,2018-07-11 09:30:12,CEST,117.30,EUR,mc,Refused,13
1525312942116306,invoice-865-716,BoxifyCom,2018-07-11 09:30:11,CEST,115.00,EUR,mc,SettledBulk,10
1735312423015239,invoice-863-715,BoxifyCom,2018-07-10 19:05:01,CEST,65.00,EUR,mc,Refused,0
4635312422987847,invoice-863-714,BoxifyCom,2018-07-10 19:04:58,CEST,65.00,EUR,mc,Refused,0
4315312253111605,invoice-862-713,BoxifyCom,2018-07-10 14:21:51,CEST,157.25,EUR,sepadirectdebit,Settled,0
1525311518397654,invoice-861-712,BoxifyCom,2018-07-09 17:57:19,CEST,7.50,EUR,visa,SettledBulk,10
1625311516269813,invoice-861-711,BoxifyCom,2018-07-09 17:53:46,CEST,7.50,EUR,mc,Refused,0
1835311486245450,card-827-1531148537,BoxifyCom,2018-07-09 17:03:44,CEST,0.00,EUR,mc,Authorised,0
4725311357986866,invoice-860-709,BoxifyCom,2018-07-09 13:29:58,CEST,151.09,EUR,visa,SettledBulk,0
4335311357970979,card-860-1531135710,BoxifyCom,2018-07-09 13:29:57,CEST,1.00,EUR,visa,SettledBulk,0
1735309515705008,card-859-1530951487,BoxifyCom,2018-07-07 10:19:30,CEST,1.00,EUR,visa,RefundedBulk,0
4435309515494592,card-859-1530951466,BoxifyCom,2018-07-07 10:19:09,CEST,1.00,EUR,visa,RefundedBulk,0
1535308092662170,invoice-858-707,BoxifyCom,2018-07-05 18:47:46,CEST,262.40,EUR,mc,SettledBulk,10
1525308092651910,card-858-1530809186,BoxifyCom,2018-07-05 18:47:45,CEST,1.00,EUR,mc,RefundedBulk,10
1825307881193305,invoice-857-706,BoxifyCom,2018-07-05 12:55:19,CEST,66.30,EUR,mc,SettledBulk,20
1825307881192893,card-857-1530788040,BoxifyCom,2018-07-05 12:55:19,CEST,1.00,EUR,mc,RefundedBulk,20
1535307874480595,card-856-1530787369,BoxifyCom,2018-07-05 12:44:08,CEST,1.00,EUR,visa,Refused,10
4625307795326229,invoice-843-705,BoxifyCom,2018-07-05 10:32:12,CEST,102.00,EUR,visa,SettledBulk,35
4625307795316071,card-843-1530779453,BoxifyCom,2018-07-05 10:32:11,CEST,1.00,EUR,visa,RefundedBulk,35
1525307446072344,card-519-1530744530,BoxifyCom,2018-07-05 00:50:07,CEST,1.00,EUR,visa,RefundedBulk,0
4425307445085128,card-519-1530744430,BoxifyCom,2018-07-05 00:48:28,CEST,1.00,EUR,visa,RefundedBulk,0
4515307035478171,invoice-201-704,BoxifyCom,2018-07-04 13:25:47,CEST,20.00,EUR,sepadirectdebit,Settled,0
4615307030178395,sepa-201-1530702940,BoxifyCom,2018-07-04 13:16:57,CEST,0.01,EUR,sepadirectdebit,Settled,0
1815307030153426,sepa-201-1530702939,BoxifyCom,2018-07-04 13:16:55,CEST,0.01,EUR,sepadirectdebit,Settled,0
1615307029640195,sepa-201-1530702888,BoxifyCom,2018-07-04 13:16:04,CEST,0.01,EUR,sepadirectdebit,Settled,0
1735306994730796,card-792-1530699396,BoxifyCom,2018-07-04 12:17:53,CEST,1.00,EUR,visa,RefundedBulk,0
1525306994365779,card-792-1530699360,BoxifyCom,2018-07-04 12:17:16,CEST,1.00,EUR,visa,RefundedBulk,10
1615305319805882,sepa-786-1530531908,BoxifyCom,2018-07-02 13:46:20,CEST,0.01,EUR,sepadirectdebit,Settled,0
1535305209003603,invoice-855-703,BoxifyCom,2018-07-02 10:41:40,CEST,51.00,EUR,mc,SettledBulk,0
1735305209009632,card-855-1530520828,BoxifyCom,2018-07-02 10:41:40,CEST,1.00,EUR,mc,RefundedBulk,0
1735304630633730,invoice-854-702,BoxifyCom,2018-07-01 18:37:43,CEST,20.40,EUR,visa,SettledBulk,0
1625304630627040,card-854-1530462992,BoxifyCom,2018-07-01 18:37:42,CEST,1.00,EUR,visa,RefundedBulk,0
1815304330332537,invoice-853-701,BoxifyCom,2018-07-01 10:17:13,CEST,50.00,EUR,sepadirectdebit,Chargeback,0
1715304330337453,sepa-853-1530432963,BoxifyCom,2018-07-01 10:17:13,CEST,0.01,EUR,sepadirectdebit,Chargeback,0
4715303663132709,invoice-852-700,BoxifyCom,2018-06-30 15:45:13,CEST,103.00,EUR,sepadirectdebit,Settled,10
4615303663129649,sepa-852-1530366244,BoxifyCom,2018-06-30 15:45:12,CEST,0.01,EUR,sepadirectdebit,Settled,10
4415303542031117,sepa-730-1530354135,BoxifyCom,2018-06-30 12:23:23,CEST,0.01,EUR,sepadirectdebit,Settled,0
1515302814993587,invoice-851-698,BoxifyCom,2018-06-29 16:11:39,CEST,199.00,EUR,sepadirectdebit,Settled,0
1515302814993546,sepa-851-1530281433,BoxifyCom,2018-06-29 16:11:39,CEST,0.01,EUR,sepadirectdebit,Settled,0
4715302679716869,card-843-1530267905,BoxifyCom,2018-06-29 12:26:11,CEST,1.00,EUR,unknowncard,Refused,0
4625302663826111,card-2-1530266316,BoxifyCom,2018-06-29 11:59:42,CEST,1.00,EUR,mc,SettledBulk,30
4815302662422144,sepa-2-1530266177,BoxifyCom,2018-06-29 11:57:22,CEST,0.01,EUR,sepadirectdebit,Settled,0
4615302004980439,card-843-1530200434,BoxifyCom,2018-06-28 17:41:38,CEST,1.00,EUR,unknowncard,Refused,0
4715301913169653,sepa-850-1530191252,BoxifyCom,2018-06-28 15:08:36,CEST,0.01,EUR,sepadirectdebit,Settled,0
1515301909087933,sepa-850-1530190844,BoxifyCom,2018-06-28 15:01:48,CEST,0.01,EUR,sepadirectdebit,Settled,0
4715301873243282,invoice-849-697,BoxifyCom,2018-06-28 14:02:04,CEST,151.89,EUR,sepadirectdebit,Settled,0
4715301873243217,sepa-849-1530187260,BoxifyCom,2018-06-28 14:02:04,CEST,0.01,EUR,sepadirectdebit,Settled,0
1535301865521228,card-720-1530186488,BoxifyCom,2018-06-28 13:49:12,CEST,1.00,EUR,visa,RefundedBulk,0
1835301733155396,card-551-1530173252,BoxifyCom,2018-06-28 10:08:35,CEST,1.00,EUR,visa,RefundedBulk,0
1615301726775057,invoice-848-696,BoxifyCom,2018-06-28 09:57:57,CEST,91.16,EUR,sepadirectdebit,Settled,0
1315301726775977,sepa-848-1530172614,BoxifyCom,2018-06-28 09:57:57,CEST,0.01,EUR,sepadirectdebit,Settled,0
1315301133038886,card-843-1530113241,BoxifyCom,2018-06-27 17:28:23,CEST,1.00,EUR,unknowncard,Refused,0
1635301080679214,card-843-1530108006,BoxifyCom,2018-06-27 16:01:07,CEST,1.00,EUR,visa,RefundedBulk,39
4725301077501731,card-843-1530107688,BoxifyCom,2018-06-27 15:55:50,CEST,1.00,EUR,visa,RefundedBulk,39
4535301061197843,invoice-847-695,BoxifyCom,2018-06-27 15:28:39,CEST,211.40,EUR,visa,SettledBulk,25
4435301061190054,card-847-1530106057,BoxifyCom,2018-06-27 15:28:39,CEST,1.00,EUR,visa,RefundedBulk,25
4715300983710347,invoice-846-694,BoxifyCom,2018-06-27 13:19:31,CEST,172.50,EUR,sepadirectdebit,Settled,0
4715300983715262,sepa-846-1530098310,BoxifyCom,2018-06-27 13:19:31,CEST,0.01,EUR,sepadirectdebit,Settled,0
1815300957142019,invoice-845-693,BoxifyCom,2018-06-27 12:35:14,CEST,120.00,EUR,sepadirectdebit,Chargeback,0
1815300957141912,sepa-845-1530095652,BoxifyCom,2018-06-27 12:35:14,CEST,0.01,EUR,sepadirectdebit,Settled,0
1535300787969630,invoice-844-692,BoxifyCom,2018-06-27 07:53:16,CEST,175.95,EUR,mc,SettledBulk,0
1335300787955540,card-844-1530078734,BoxifyCom,2018-06-27 07:53:15,CEST,1.00,EUR,mc,RefundedBulk,0
4825300297118424,card-843-1530029651,BoxifyCom,2018-06-26 18:15:11,CEST,1.00,EUR,visa,RefundedBulk,39
1725300296454322,card-843-1530029585,BoxifyCom,2018-06-26 18:14:05,CEST,1.00,EUR,visa,RefundedBulk,35
1325300295689625,card-843-1530029508,BoxifyCom,2018-06-26 18:12:48,CEST,1.00,EUR,visa,RefundedBulk,35
4735300295412836,card-843-1530029482,BoxifyCom,2018-06-26 18:12:21,CEST,1.00,EUR,visa,RefundedBulk,35
4725300063440557,invoice-842-691,BoxifyCom,2018-06-26 11:45:44,CEST,51.00,EUR,mc,SettledBulk,0
4635300063428379,card-842-1530006283,BoxifyCom,2018-06-26 11:45:42,CEST,1.00,EUR,mc,RefundedBulk,0
4515300023337384,invoice-841-690,BoxifyCom,2018-06-26 10:38:53,CEST,446.53,EUR,sepadirectdebit,Settled,0
4515300023333888,sepa-841-1530002274,BoxifyCom,2018-06-26 10:38:53,CEST,0.01,EUR,sepadirectdebit,Settled,0
4635299870479437,card-550-1529986989,BoxifyCom,2018-06-26 06:24:07,CEST,1.00,EUR,visa,RefundedBulk,35
1415299526147752,invoice-840-689,BoxifyCom,2018-06-25 20:50:14,CEST,107.25,EUR,sepadirectdebit,Settled,0
1515299526132357,sepa-840-1529952556,BoxifyCom,2018-06-25 20:50:13,CEST,0.01,EUR,sepadirectdebit,Settled,0
1715299416192626,invoice-52-688,BoxifyCom,2018-06-25 17:46:59,CEST,20.00,EUR,unknowncard,Refused,0
1815299245987864,sepa-581-1529924541,BoxifyCom,2018-06-25 13:03:18,CEST,0.01,EUR,sepadirectdebit,Settled,0
1815299243866193,invoice-581-687,BoxifyCom,2018-06-25 12:59:46,CEST,20.00,EUR,sepadirectdebit,Settled,0
1615299241885817,sepa-581-1529924131,BoxifyCom,2018-06-25 12:56:28,CEST,0.01,EUR,sepadirectdebit,Settled,0
1825299172560260,card-646-1529917199,BoxifyCom,2018-06-25 11:00:56,CEST,1.00,EUR,mc,RefundedBulk,10
1735299169848594,card-646-1529916927,BoxifyCom,2018-06-25 10:56:24,CEST,1.00,EUR,mc,Refused,10
1615299108097746,sepa-388-1529910752,BoxifyCom,2018-06-25 09:13:29,CEST,0.01,EUR,sepadirectdebit,Settled,2
1615299107921482,sepa-388-1529910736,BoxifyCom,2018-06-25 09:13:12,CEST,0.01,EUR,sepadirectdebit,Settled,0
4315299107771207,sepa-388-1529910720,BoxifyCom,2018-06-25 09:12:57,CEST,0.01,EUR,sepadirectdebit,Settled,0
1325299106538338,card-388-1529910596,BoxifyCom,2018-06-25 09:10:53,CEST,1.00,EUR,mc,RefundedBulk,0
1635299099097115,card-683-1529909853,BoxifyCom,2018-06-25 08:58:29,CEST,1.00,EUR,visa,RefundedBulk,0
1635299097934822,card-683-1529909737,BoxifyCom,2018-06-25 08:56:33,CEST,1.00,EUR,visa,RefundedBulk,0
4635299097455327,card-683-1529909688,BoxifyCom,2018-06-25 08:55:45,CEST,1.00,EUR,visa,Refused,0
1725298905967256,card-737-1529890540,BoxifyCom,2018-06-25 03:36:36,CEST,1.00,EUR,mc,RefundedBulk,0
1325298905638349,card-737-1529890507,BoxifyCom,2018-06-25 03:36:03,CEST,1.00,EUR,mc,Refused,0
1525298886066146,card-545-1529888549,BoxifyCom,2018-06-25 03:03:26,CEST,1.00,EUR,visa,RefundedBulk,0
1625298885488597,card-545-1529888492,BoxifyCom,2018-06-25 03:02:28,CEST,1.00,EUR,visa,Refused,0
1615298722227614,sepa-774-1529872166,BoxifyCom,2018-06-24 22:30:22,CEST,0.01,EUR,sepadirectdebit,Settled,0
1835298721584027,card-774-1529872102,BoxifyCom,2018-06-24 22:29:18,CEST,1.00,EUR,visa,Refused,0
1715298721036544,card-774-1529872047,BoxifyCom,2018-06-24 22:28:23,CEST,1.00,EUR,bcmc,Refused,0
1625298607256314,card-731-1529860670,BoxifyCom,2018-06-24 19:18:45,CEST,1.00,EUR,visa,RefundedBulk,0
4535298606979927,card-731-1529860642,BoxifyCom,2018-06-24 19:18:17,CEST,1.00,EUR,visa,Refused,0
1715298589603773,sepa-645-1529858904,BoxifyCom,2018-06-24 18:49:20,CEST,0.01,EUR,sepadirectdebit,Settled,0
1615298589565908,sepa-645-1529858900,BoxifyCom,2018-06-24 18:49:16,CEST,0.01,EUR,sepadirectdebit,Settled,0
4315298589453938,sepa-645-1529858889,BoxifyCom,2018-06-24 18:49:05,CEST,0.01,EUR,sepadirectdebit,Settled,0
4325298458102432,invoice-696-686,BoxifyCom,2018-06-24 15:10:10,CEST,60.00,EUR,visa,SettledBulk,0
4625298445325085,card-696-1529844477,BoxifyCom,2018-06-24 14:48:52,CEST,1.00,EUR,visa,SettledBulk,0
4435298444780058,card-696-1529844423,BoxifyCom,2018-06-24 14:47:58,CEST,1.00,EUR,visa,SettledBulk,0
1625298399588874,card-780-1529839903,BoxifyCom,2018-06-24 13:32:38,CEST,1.00,EUR,mc,SettledBulk,0
4725295996183797,invoice-839-685,BoxifyCom,2018-06-21 18:46:58,CEST,102.00,EUR,visa,SettledBulk,0
4625295996186502,card-839-1529599569,BoxifyCom,2018-06-21 18:46:58,CEST,1.00,EUR,visa,SettledBulk,0
1615294834201258,invoice-838-684,BoxifyCom,2018-06-20 10:30:20,CEST,399.00,EUR,sepadirectdebit,Settled,10
1815294834200126,sepa-838-1529483374,BoxifyCom,2018-06-20 10:30:20,CEST,0.01,EUR,sepadirectdebit,Settled,10
4515293154071312,invoice-837-683,BoxifyCom,2018-06-18 11:50:07,CEST,100.00,EUR,sepadirectdebit,Settled,10
4415293154078268,sepa-837-1529315365,BoxifyCom,2018-06-18 11:50:07,CEST,0.01,EUR,sepadirectdebit,Settled,10
1525293032616977,card-705-1529303219,BoxifyCom,2018-06-18 08:27:41,CEST,1.00,EUR,visa,SettledBulk,0
1535291381239761,invoice-393-682,BoxifyCom,2018-06-16 10:35:23,CEST,20.00,EUR,mc,SettledBulk,0
4325291373946272,card-393-1529137356,BoxifyCom,2018-06-16 10:23:14,CEST,1.00,EUR,mc,SettledBulk,0
4725290432512337,card-836-1529043216,BoxifyCom,2018-06-15 08:14:11,CEST,1.00,EUR,visa,Refused,45
4615289914210462,invoice-835-680,BoxifyCom,2018-06-14 17:50:21,CEST,87.50,EUR,sepadirectdebit,Settled,0
4525289891378992,invoice-767-681,BoxifyCom,2018-06-14 17:12:17,CEST,20.00,EUR,mc,Refused,0
4725289887794127,card-767-1528988746,BoxifyCom,2018-06-14 17:06:19,CEST,1.00,EUR,mc,SettledBulk,0
1325289887563654,card-767-1528988722,BoxifyCom,2018-06-14 17:05:56,CEST,1.00,EUR,mc,Refused,0
4515289887237477,invoice-834-679,BoxifyCom,2018-06-14 17:05:23,CEST,10.20,EUR,sepadirectdebit,Settled,0
4415289885498726,invoice-834-679,BoxifyCom,2018-06-14 17:02:29,CEST,10.20,EUR,sepadirectdebit,Refused,0
1515289884067584,invoice-835-680,BoxifyCom,2018-06-14 17:00:06,CEST,87.50,EUR,unknowncard,Refused,0
1715289884052311,sepa-835-1528988372,BoxifyCom,2018-06-14 17:00:05,CEST,0.01,EUR,sepadirectdebit,Settled,0
4815289767411686,invoice-834-679,BoxifyCom,2018-06-14 13:45:41,CEST,10.20,EUR,unknowncard,Refused,0
4615289767414302,sepa-834-1528976707,BoxifyCom,2018-06-14 13:45:41,CEST,0.01,EUR,sepadirectdebit,Settled,0
4835288087219577,invoice-830-678,BoxifyCom,2018-06-12 15:05:21,CEST,70.25,EUR,mc,Refused,0
4625288087200258,card-830-1528808691,BoxifyCom,2018-06-12 15:05:20,CEST,1.00,EUR,mc,SettledBulk,0
1825286566577612,invoice-833-677,BoxifyCom,2018-06-10 20:50:57,CEST,30.35,EUR,visa,SettledBulk,0
1735286566570582,card-833-1528656631,BoxifyCom,2018-06-10 20:50:57,CEST,1.00,EUR,visa,SettledBulk,0
1825285321411273,invoice-832-676,BoxifyCom,2018-06-09 10:15:41,CEST,73.95,EUR,mc,SettledBulk,0
1825285321401100,card-832-1528532118,BoxifyCom,2018-06-09 10:15:40,CEST,1.00,EUR,mc,SettledBulk,0
1815281933424269,sepa-2-1528193342,BoxifyCom,2018-06-05 12:09:02,CEST,0.01,EUR,sepadirectdebit,Settled,1
1615281930395662,sepa-2-1528193039,BoxifyCom,2018-06-05 12:03:59,CEST,0.01,EUR,sepadirectdebit,Settled,0
1525281925011547,card-2-1528192501,BoxifyCom,2018-06-05 11:55:01,CEST,1.00,EUR,mc,SettledBulk,30
1835281921408130,card-2-1528192139,BoxifyCom,2018-06-05 11:49:00,CEST,0.01,EUR,mc,Refused,30

